{
  "100000": {
    "median": 0.00032589473708100156,
    "p90": 0.014420552593161747,
    "p10": 0.0,
    "sample": [
      0.00019781472509816843,
      0.0005231326332650479,
      0.019175552653106817,
      0.0029823090092665643,
      0.0,
      0.0,
      0.001910625478019123,
      0.0,
      0.0,
      0.007809928372355615,
      0.0,
      0.0,
      0.0036061471954779694,
      0.005284977577320778,
      0.0076255508098941206,
      0.0014916760381223327,
      0.0,
      0.00029307412112594374,
      0.0,
      0.0,
      0.014414386927220586,
      0.00016468711992641142,
      0.0,
      0.0026125082051082706,
      0.0,
      0.0,
      0.0,
      0.005892903834158558,
      0.0,
      0.0,
      0.0,
      0.0,
      0.01983905056019599,
      0.014047146116588624,
      0.01032270091846193,
      0.0,
      0.0,
      0.0,
      0.0,
      0.0,
      0.0041844630617595925,
      0.0038987561992493676,
      0.007353847469285998,
      0.006646364850334809,
      0.0,
      0.004910334374311678,
      0.0036922633767795506,
      0.0,
      0.0028349570879954607,
      0.006522753938560789,
      0.024277308887670945,
      0.0,
      0.0016916169404514604,
      0.0,
      0.0,
      0.0006179567035994368,
      0.0,
      0.017144371683729173,
      0.0064827052119401495,
      0.008390719458279192,
      0.009470460948668635,
      0.0,
      0.011531492807722978,
      0.0,
      0.0,
      0.01548386601267145,
      0.01166223102275597,
      0.0,
      0.0,
      0.005269293655272696,
      0.004674310503589505,
      0.0,
      0.0,
      0.0,
      0.0,
      0.0089439559737456,
      0.0,
      0.008274346393054462,
      0.013446783748678613,
      0.0,
      0.0,
      0.004569936481477546,
      0.01940746553682416,
      0.0,
      0.0,
      0.00993250551102719,
      0.014476043586632188,
      0.0,
      0.0,
      0.03038785625936042,
      0.0030284906849184336,
      0.017489124344045228,
      0.0021100883594076577,
      0.005123720316011425,
      0.0024525734449513496,
      0.0,
      0.006418611130610921,
      0.0003587153530360594,
      0.0,
      0.007926604772971392,
      0.0009353497622433937,
      0.006932414405964908,
      0.0,
      0.0,
      0.0,
      0.017106543229796115,
      0.0,
      0.016644959236291678,
      0.0,
      0.0
    ],
    "low_data": false
  },
  "250000": {
    "median": 0.0014858619041366533,
    "p90": 0.016110829735244532,
    "p10": 0.0,
    "sample": [
      0.00045123691837830763,
      0.0011933224749598541,
      0.019655436540418302,
      0.0034921197721328816,
      0.0,
      0.0,
      0.0023058469582751887,
      0.0,
      0.0,
      0.008272556154738368,
      0.0,
      0.0,
      0.004641061813606777,
      0.006206905965704827,
      0.008254862783615941,
      0.0021814958958721624,
      0.0,
      0.0010726571493119242,
      0.0012553665009758027,
      0.0,
      0.0161054743600091,
      0.0013842160103946736,
      0.0,
      0.0034263807384087956,
      0.0,
      0.0,
      0.001156764059661655,
      0.008892805759635585,
      0.0,
      0.0,
      0.0,
      0.0008721541755655521,
      0.02101164771829377,
      0.015117940461646698,
      0.011960521706882225,
      9.825487696859397e-05,
      0.0005106568576247212,
      0.0,
      0.0,
      0.0,
      0.005051129819926886,
      0.006259637418651546,
      0.008912511760372471,
      0.007797282524682921,
      0.0,
      0.005770602968188955,
      0.005425348824592826,
      0.0,
      0.0040880783722133,
      0.007506642492514803,
      0.025991794803483827,
      0.0,
      0.0034478190274748804,
      0.0,
      0.0,
      0.001988198933528078,
      0.0,
      0.019571597664967178,
      0.008838377165341561,
      0.009628940524658425,
      0.011289532117802112,
      0.0,
      0.012071581478466398,
      0.0,
      0.0,
      0.01668650038177933,
      0.01329323489532312,
      0.0003992862984080136,
      0.0,
      0.007660331124504237,
      0.008008327982365329,
      0.0,
      0.0,
      0.0,
      0.0,
      0.009952665433308538,
      0.0,
      0.009833183396300094,
      0.015621872060344266,
      0.0004899916282432976,
      0.0,
      0.007262130657873685,
      0.02182654515811935,
      0.0,
      0.0,
      0.012121071291084817,
      0.0161590281123634,
      0.0,
      0.0,
      0.031184307580119752,
      0.005527324272794441,
      0.019393796833516597,
      0.0033321266505391767,
      0.005693022799777635,
      0.0039297461286531814,
      0.0,
      0.0073859397489301655,
      0.0015875077978786331,
      0.0,
      0.008547281139919429,
      0.001821252046425755,
      0.008849456450481602,
      0.0,
      0.0,
      0.00022590587300576987,
      0.018342633351292124,
      0.0,
      0.018829361797044118,
      0.0,
      0.009795968335934043
    ],
    "low_data": false
  },
  "500000": {
    "median": 0.0036822793980848256,
    "p90": 0.018776520570342372,
    "p10": 0.0,
    "sample": [
      0.000842037863692725,
      0.0022268184773597995,
      0.020395462796110816,
      0.004278296095054144,
      0.0,
      0.0,
      0.0029153157900830553,
      0.0,
      0.0,
      0.008985971867639395,
      0.0,
      0.0,
      0.006236997851605482,
      0.007628606571438322,
      0.009225321254695095,
      0.0032452632361196195,
      0.0,
      0.002274847772093634,
      0.0032929417306894575,
      0.0,
      0.018713290821500035,
      0.003264844684089411,
      0.0,
      0.004681449015036372,
      0.0,
      0.0,
      0.0034654827105761905,
      0.013518937722083733,
      0.002489847211298476,
      0.0,
      0.0013966344768393743,
      0.003429544235625617,
      0.022819903230276686,
      0.0167692064256479,
      0.014486195974339595,
      0.0023057615567474606,
      0.003812815340093605,
      0.0,
      0.00024300005274622682,
      0.0,
      0.006387611775119968,
      0.009900339128219355,
      0.011316119236498588,
      0.009572106226161647,
      0.002143145669727201,
      0.007097218350054535,
      0.008097930189901247,
      0.0,
      0.0060205096882212025,
      0.00902389152265094,
      0.02863569393463557,
      0.0008440032460133853,
      0.00615604843267628,
      0.0,
      0.0,
      0.004101241804141632,
      0.0,
      0.023314609260289304,
      0.012471045694976927,
      0.011538394298165616,
      0.014094711582513493,
      0.0,
      0.012904449193595107,
      0.0,
      0.0,
      0.01854107610867878,
      0.01580839683501213,
      0.0036100500455434064,
      0.0,
      0.011347536618085253,
      0.013149697668800343,
      0.0,
      0.0,
      0.0,
      0.0,
      0.011508190643008809,
      0.0,
      0.01223705721087981,
      0.01897606356716955,
      0.003927671262963318,
      0.0,
      0.011413748223358765,
      0.025556994297386164,
      0.006973878805389848,
      0.0,
      0.015496046326455308,
      0.01875434912625046,
      0.0037545087506262453,
      0.0,
      0.032412510702431126,
      0.009380761557372993,
      0.022330981615028434,
      0.005216625056946272,
      0.006570940972396956,
      0.00620768585331325,
      0.0003691654042274322,
      0.008877651795045098,
      0.0034824217469061843,
      0.0,
      0.009504422690144584,
      0.0031873969985845335,
      0.011805716253570131,
      0.0,
      0.00045258795391687687,
      0.0009023708755125852,
      0.02024880100662633,
      0.002950725130914135,
      0.022197916755234474,
      0.00038279177587420424,
      0.025446796943268908
    ],
    "low_data": false
  },
  "1000000": {
    "median": 0.008123061028962052,
    "p90": 0.02358142250789102,
    "p10": 0.0,