{
  "100000": {
    "median": 0.0010379503637213757,
    "p90": 0.014611065436914376,
    "p10": 0.0,
    "sample": [
      0.00019781472509816843,
      0.0005231326332650479,
      0.0005400830752352798,
      0.01644518251284315,
      0.0010020798707851561,
      0.02052383057648769,
      0.0,
      0.02328932028965361,
      0.0,
      0.010491963692180627,
      0.014382610385684622,
      0.01017324879244616,
      0.0,
      0.0,
      0.007607959751652225,
      0.0,
      0.006959575376176622,
      0.0,
      0.0,
      0.009650011357934675,
      0.028433848558336784,
      0.0,
      0.0017045975966892488,
      0.00046923692889744593,
      0.0028828226775452315,
      0.0,
      0.0,
      0.01699085756368451,
      0.009478914857154028,
      0.013039537735560165,
      0.008995407796257161,
      0.0005733096073607147,
      0.0,
      0.0,
      0.002766321426950119,
      0.0,
      0.0,
      0.00958963272700434,
      0.0,
      0.0,
      0.007305645663632292,
      0.010044219852007727,
      0.0,
      0.0,
      0.0,
      0.009229282925034733,
      0.005063184490359132,
      0.002020339463978764,
      0.0,
      0.0,
      0.00867860829002525,
      0.0023674411758660336,
      0.0038788443617609964,
      0.004318343031177436,
      0.017647131539806887,
      0.0,
      0.0,
      0.0,
      0.0,
      0.0,
      0.013079247920192487,
      0.006967431443058561,
      0.0,
      0.0022197367717809594,
      0.001073820856657595,
      0.005113035247028525,
      0.0,
      0.0,
      0.00571592976293467,
      0.0,
      0.0,
      0.0042203106343037654,
      0.0,
      0.002355052163386435,
      0.0,
      0.0,
      0.0,
      0.01580563436428813,
      0.0032552244565243514,
      0.01594651288024629,
      0.011093776417843681,
      0.002025799341670766,
      0.008908247663631352,
      3.928162635265936e-05,
      0.044991632008835804,
      0.016651313457655675,
      0.0,
      0.0,
      0.024891923029046446,
      0.014441880169235807,
      0.0014952009539510118,
      0.0,
      0.0,
      0.0,
      0.014299996657181416,
      0.0,
      0.002845720240885517,
      0.0,
      0.0,
      0.010453760957261693,
      0.008983699084357389,
      0.0,
      0.0,
      0.0,
      0.0,
      0.0,
      0.0036883731118574456,
      0.013112539196711617,
      0.0,
      0.0,
      0.004958163497765213,
      0.013542010851873522,
      0.012956187696299436,
      0.014683573408776619
    ],
    "low_data": false
  },
  "250000": {
    "median": 0.002653826401376893,
    "p90": 0.015939655859868427,
    "p10": 0.0,
    "sample": [
      0.00045123691837830763,
      0.0011933224749598541,
      0.0010199669625467654,
      0.016954993275709467,
      0.0015931960530937372,
      0.021029757053722346,
      0.0,
      0.023551500475578843,
      0.0,
      0.01095459147456338,
      0.014844907825348811,
      0.010637807481387254,
      0.0,
      0.0,
      0.008237271725374046,
      0.0,
      0.007219633984675629,
      0.0,
      0.0,
      0.01043878473396006,
      0.0301249359911253,
      0.0,
      0.00240896484014712,
      0.0012831094621979712,
      0.0036744843621939567,
      0.0,
      0.0,
      0.019990759489161538,
      0.011303465426869115,
      0.014133145763841854,
      0.010298499977886061,
      0.002231697095578847,
      0.0,
      0.0,
      0.004404142215370414,
      0.0,
      0.0,
      0.010917029587248925,
      0.0,
      0.0,
      0.008172312421799584,
      0.012405101071409904,
      0.0,
      0.0,
      0.0,
      0.010089551518912011,
      0.006796269938172408,
      0.00429238091077379,
      0.0007157841049444222,
      0.0,
      0.010393094205838132,
      0.00394733272805254,
      0.005635046448784417,
      0.005543079209447441,
      0.018097539175419272,
      0.0,
      0.0,
      0.0,
      0.0,
      0.0,
      0.014898319089325963,
      0.007642768814666081,
      0.0,
      0.003531682573330666,
      0.003276650409795515,
      0.006315669616136405,
      0.0,
      0.0,
      0.006089886663151603,
      0.0,
      0.0,
      0.0070884474868224715,
      0.0,
      0.002898687962606666,
      0.0,
      0.0,
      0.0,
      0.01736447136753376,
      0.005430312768190005,
      0.018175740632303816,
      0.013686145090841921,
      0.004717993518066905,
      0.011327327284926544,
      0.00549348834362304,
      0.046243107195993435,
      0.0188398792377133,
      0.0,
      0.0,
      0.0260827552485484,
      0.015238331489995139,
      0.003994034541827019,
      0.0,
      0.0,
      0.0,
      0.01577716934088325,
      0.0,
      0.0038130488592047623,
      0.0,
      0.0,
      0.01107443732420973,
      0.00986960136853975,
      0.0,
      0.0,
      0.0,
      0.0,
      0.0,
      0.005696609480116729,
      0.015296941757464058,
      0.0,
      0.0,
      0.006885476068339013,
      0.015414162872863246,
      0.015257361063699085,
      0.016009292939433505
    ],
    "low_data": false
  },
  "500000": {
    "median": 0.004505454626852204,
    "p90": 0.018556207107562814,
    "p10": 0.0,
    "sample": [
      0.000842037863692725,
      0.0022268184773597995,
      0.0017599932182392794,
      0.01774116959863073,
      0.0025047530080975957,
      0.021809943441519628,
      0.0,
      0.02395580707231415,
      5.4624610218334925e-05,
      0.011668007187464406,
      0.015557814118593173,
      0.011354200834480509,
      0.0,
      0.0,
      0.009207730196453198,
      0.0,
      0.007620668908740935,
      0.0,
      0.0,
      0.011655147740686999,
      0.032732752452616226,
      0.0,
      0.0034951656224422945,
      0.002538177738825548,
      0.004895301413476941,
      0.0,
      0.0,
      0.024616891451609686,
      0.014117094644537543,
      0.015819592581005498,
      0.01230799113499819,
      0.004789087155638912,
      0.0,
      0.0,
      0.006929816482827785,
      0.0,
      0.0,
      0.012964000853169337,
      0.0,
      0.0005394432901130466,
      0.009508794376992667,
      0.01604580278097771,
      0.0,
      0.0,
      0.0,
      0.01141616690077759,
      0.009468851303480828,
      0.00779608330442922,
      0.002648215420952325,
      0.0,
      0.013036993336989874,
      0.0063836746446668995,
      0.008343275853985817,
      0.007431738012504982,
      0.01879211026840786,
      0.0,
      0.0032736117164305738,
      0.0,
      0.0,
      0.0,
      0.017703498554037345,
      0.008684202794122752,
      0.0005219653289869806,
      0.005554826848150135,
      0.006673621529768463,
      0.008170245343035856,
      0.0,
      0.0,
      0.006666563505144194,
      0.0033382465021200127,
      0.004221822098065495,
      0.011511385268030885,
      0.0,
      0.0037370256846986447,
      0.0,
      0.0,
      0.0,
      0.019768345182113477,
      0.008784504275015287,
      0.021613420267023835,
      0.01768382230647271,
      0.008869611083551984,
      0.015057776424193356,
      0.013904389983533032,
      0.048173000074941505,
      0.02221485427308379,
      0.0002674998704270395,
      0.0,
      0.02791913094662228,
      0.016466534612306512,
      0.00784747182640557,
      0.0,
      0.0,
      0.0001928254140379272,
      0.018055109065543317,
      0.0,
      0.005304760905319695,
      0.0,
      0.0,
      0.012031578874434885,
      0.011235746320698528,
      0.001329456420565419,
      0.0,
      0.0,
      0.0,
      0.0,
      0.008793499539240166,
      0.018665496715654414,
      0.001041645190358894,
      0.001921290692948963,
      0.009857573992154232,
      0.018301198022015748,
      0.0188059876290056,
      0.018053677604788307
    ],
    "low_data": false
  },
  "1000000": {
    "median": 0.008849587048402299,
    "p90": 0.0240844714663076,
    "p10": 0.0,