{
  "100000": {
    "median": 0.00036047367918160813,
    "p90": 0.014098301284642642,
    "p10": 0.0,
    "sample": [
      0.00019781472509816843,
      0.0005231326332650479,
      0.0,
      0.0,
      0.0,
      0.0014795387099745694,
      0.017289160741407822,
      0.0,
      0.0031650298675695854,
      0.01305623130813481,
      0.0,
      0.000803321596027743,
      0.003318808408468389,
      0.009846132499042606,
      0.02435187866283183,
      0.0,
      0.0,
      0.006547152567410564,
      0.009179161230829718,
      0.007976154225574508,
      0.02044533864103405,
      0.011859650375815397,
      0.0,
      0.002085452544409114,
      0.014297750290498642,
      0.002975982776094209,
      0.007213682998751355,
      0.0,
      0.0,
      0.0,
      0.007358917879255191,
      0.011295714501448546,
      0.0,
      0.01208071095588748,
      0.011688873432131808,
      0.011088608956080513,
      0.0,
      0.0,
      0.0,
      0.0,
      0.0,
      0.0032945660171255237,
      0.0,
      0.0,
      0.0,
      0.0,
      0.0,
      0.0034000704622560254,
      0.0,
      0.009155499231515755,
      0.010551965614982742,
      0.014648128828586605,
      0.0,
      0.014180470582722173,
      0.00819368905423901,
      0.011437022796115144,
      0.005315449849435955,
      0.0,
      0.007609827539610528,
      0.0,
      0.0,
      9.676878132709949e-05,
      0.0011523466934304776,
      0.008585972465043811,
      0.02228033066396359,
      0.0027987168022536226,
      0.0,
      0.01782616913816753,
      0.0,
      0.008647980378241072,
      0.0027543525313916558,
      0.0,
      0.0071670810820818635,
      0.0,
      0.00921065506416465,
      0.0,
      0.0,
      0.0,
      0.025685696347935365,
      0.015481238627600095,
      0.0,
      0.0024066753594690453,
      0.0,
      0.0,
      0.016558027060273057,
      0.0,
      0.0,
      0.0,
      0.0,
      0.0,
      0.001444347310411651,
      0.007865493109869934,
      0.0022830339737562556,
      0.0,
      0.0,
      0.0,
      0.0,
      0.009215776500213185,
      0.0,
      0.006053740543657544,
      0.0,
      0.0010101279561692779,
      0.0,
      0.0,
      0.0,
      0.013358777601926811,
      0.02200056414049846,
      0.0,
      0.0,
      0.011742229527616334,
      0.0,
      0.008077789384659284
    ],
    "low_data": false
  },
  "250000": {
    "median": 0.0010255667925883098,
    "p90": 0.015373627282407699,
    "p10": 0.0,
    "sample": [
      0.00045123691837830763,
      0.0011933224749598541,
      0.0,
      0.0,
      0.0,
      0.001985465187209225,
      0.017684382221663887,
      0.0,
      0.0034769252471791323,
      0.013518859090517563,
      0.0,
      0.001267880284968837,
      0.004353723026597197,
      0.010768060887426656,
      0.02498119063655365,
      0.0,
      0.0,
      0.007326735595596545,
      0.010500465055394105,
      0.008764927601599894,
      0.022136426073822563,
      0.01307917926628366,
      0.0,
      0.0028993250777096394,
      0.015089411975147366,
      0.0036784568178942463,
      0.008710814853718597,
      0.0002582892092599454,
      0.0,
      0.0,
      0.00866201006088409,
      0.012954101989666678,
      0.0,
      0.013151505300945554,
      0.013326694220552103,
      0.012520108012511992,
      0.0,
      0.0,
      0.0,
      0.0,
      0.0,
      0.005655447236527703,
      0.0,
      0.0,
      0.0,
      0.0,
      0.0,
      0.005672111909051051,
      0.0,
      0.010139387785469769,
      0.012266451530795624,
      0.01622802038077311,
      0.0,
      0.015405206760992178,
      0.008644096689851393,
      0.012807265026043785,
      0.008702254404718644,
      0.0,
      0.00996549949301194,
      0.0,
      0.0,
      0.00077210615293462,
      0.0016924353641738974,
      0.009897918266593518,
      0.02448316021710151,
      0.004001351171361502,
      0.0,
      0.019908249032444057,
      0.0,
      0.011039017847472613,
      0.00608837001016748,
      0.0,
      0.007267463570040472,
      0.0,
      0.009535994264686565,
      0.0,
      0.0,
      0.0,
      0.02786078465960102,
      0.017710466379657622,
      0.0,
      0.0050988695358651845,
      0.0,
      0.0,
      0.017809502247430692,
      0.0,
      0.0,
      0.0,
      0.0,
      0.0,
      0.003943180898287658,
      0.009770165599341303,
      0.003505072264887775,
      0.0,
      0.0,
      0.0008578111102167654,
      0.0,
      0.010444568945055759,
      0.0,
      0.00667441691060558,
      0.0,
      0.002927170000685972,
      0.0,
      0.0,
      0.0,
      0.014594867723422823,
      0.024008800508757745,
      0.0,
      0.0,
      0.014471952964976036,
      8.046073396541283e-06,
      0.01816892722724825
    ],
    "low_data": false
  },
  "500000": {
    "median": 0.002872897786109134,
    "p90": 0.018193852504529557,
    "p10": 0.0,
    "sample": [
      0.000842037863692725,
      0.0022268184773597995,
      0.0,
      0.0,
      0.0,
      0.0027656515750065073,
      0.018293851053471755,
      0.0,
      0.00395789736573337,
      0.01423227480341859,
      0.0,
      0.0019842736380620923,
      0.005949659064595902,
      0.01218976149316015,
      0.025951649107632802,
      0.0,
      0.0,
      0.008528926218378256,
      0.01253804028510776,
      0.009981290608326832,
      0.024744242535313495,
      0.014959807939978396,
      0.0,
      0.004154393354337216,
      0.01631022902643035,
      0.004761738104513151,
      0.011019533504633132,
      0.004884421171708093,
      0.0,
      0.0,
      0.010671501217996222,
      0.015511492049726744,
      0.0016488520421096067,
      0.014802771264946755,
      0.015852368488009472,
      0.014727614692290858,
      0.0,
      0.0,
      0.00024900287104879376,
      0.0,
      0.0,
      0.00929614894609551,
      6.361028510604595e-05,
      0.0010684452613150246,
      0.0009391385459973575,
      0.0,
      0.0003974134849949445,
      0.009175814302706482,
      0.0,
      0.011656636815605907,
      0.014910350661947366,
      0.018664362297387473,
      0.0,
      0.01729386556404972,
      0.009338667782839984,
      0.01492030789665734,
      0.013925026746273382,
      0.0,
      0.013598168022647305,
      0.0,
      0.0,
      0.0018135401323912913,
      0.0025253030793026066,
      0.011921062541412987,
      0.027880131337074458,
      0.0058559268982609535,
      0.0020465254219274123,
      0.02311901277957945,
      0.0,
      0.01472622334105363,
      0.011229739696602493,
      0.0014733476670524825,
      0.0074222628426672075,
      0.0,
      0.010037698024196113,
      0.0,
      0.0,
      0.0,
      0.031214976166426302,
      0.02114814601437764,
      0.0,
      0.009250487101350263,
      0.0,
      0.005618768764570193,
      0.01973939512637876,
      0.000842068876011238,
      0.0,
      0.0,
      0.0,
      0.0,
      0.00779661818286621,
      0.01270735038085314,
      0.00538957067129487,
      0.0,
      0.0,
      0.0030065164582289525,
      0.0,
      0.01233948289408331,
      0.0,
      0.007631558460830735,
      0.0,
      0.005883429803774502,
      0.0,
      0.0,
      0.0,
      0.01650103537875703,
      0.02710569056788118,
      0.0,
      0.0,
      0.018681444193661953,
      0.002980143997211761,
      0.033730414392748695
    ],
    "low_data": false
  },
  "1000000": {
    "median": 0.006761598011537718,
    "p90": 0.023050342572528852,
    "p10": 0.0,