{
  "100000": {
    "median": 0.0012042443435707432,
    "p90": 0.014492320023955424,
    "p10": 0.0,
    "sample": [
      3.685116394564532e-05,
      6.364904340328958e-05,
      0.0033662454723763584,
      0.00036775792126780724,
      0.0,
      0.013826865155130348,
      0.0,
      0.0012393019667800956,
      0.0,
      0.0,
      0.02791813597127362,
      0.0,
      0.00400550759964094,
      0.0,
      0.005478755992305363,
      0.00504687525023248,
      0.015513252402930696,
      0.016543459612125406,
      0.0031731563239511614,
      0.0,
      0.0,
      0.0019061477578053857,
      0.0,
      0.0,
      0.006320271378582954,
      0.0,
      0.0,
      0.0028670002232456127,
      0.0042079396887980645,
      0.006128969748202683,
      0.0012042443435707432,
      0.0,
      0.0,
      0.0,
      0.0,
      0.015668402098792847,
      0.0,
      0.0,
      0.0038762728414826067,
      0.0,
      0.0,
      0.0,
      0.0069272861240081045,
      0.0,
      0.0,
      0.0,
      0.0,
      0.048599932305256596,
      0.03626110152834661,
      0.02591916580662589,
      0.0,
      0.0,
      0.0,
      0.0,
      0.0,
      0.007639065461051825,
      0.004987865021123289,
      0.010630100400053664,
      0.01214758866649151,
      0.0,
      0.007249850905164597,
      0.005977595131011827,
      0.0,
      0.004317140239356289,
      0.010170758497800868,
      0.019948992022833557,
      0.0,
      0.0020537774113261803,
      0.0,
      0.00322220449539987,
      0.0005912412147553528,
      0.0,
      0.013358557423320549,
      0.004798350444670594,
      0.0066134534910477485,
      0.0077180285034187494,
      0.0,
      0.00990197666551225,
      0.0,
      0.0,
      0.014272021740801555,
      0.011275406174876084,
      0.0,
      0.0,
      0.004395931402233283,
      0.0036431350957200994,
      0.0,
      0.0,
      0.0,
      0.0,
      0.009043848918563987,
      0.0,
      0.008455187962017906,
      0.012712100706772476,
      0.0,
      0.0,
      0.003191165534860242,
      0.01992888059304682,
      0.00017820672450146076,
      0.0,
      0.010105772363684729,
      0.014897686684689956,
      0.0,
      0.0,
      0.03515049692174247,
      0.0031496876450354955,
      0.013952738348760239,
      0.0028586645385419015,
      0.0,
      0.006061676891168645,
      0.0030339968373024307,
      0.0,
      0.010592670502458558,
      0.0015525199847819184,
      0.0038850505689047004,
      0.0,
      0.011273265573364078,
      0.004200586939595134,
      0.00790788719650201,
      0.0,
      0.0,
      0.003298559434712543,
      0.019709844966016868,
      0.00045851168176690204,
      0.01482276744868622,
      0.0,
      0.0
    ],
    "low_data": false
  },
  "250000": {
    "median": 0.0032086056884086354,
    "p90": 0.016162435150609722,
    "p10": 0.0,
    "sample": [
      8.40615158918761e-05,
      0.0001451903956531771,
      0.0035453228966370624,
      0.0008040429662411577,
      0.0,
      0.014269159169241718,
      0.0,
      0.0017273097416192732,
      0.0005126678974473921,
      0.0006401342594466235,
      0.028894773766353292,
      0.0,
      0.0048458653637904175,
      0.0,
      0.005865556046026893,
      0.005651350171906478,
      0.01645906644069844,
      0.01766396459683848,
      0.003446226390011176,
      0.0,
      0.0,
      0.002827043866339378,
      0.0,
      0.0,
      0.007357654170161198,
      0.0,
      0.0,
      0.0032086056884086354,
      0.004653985968540112,
      0.006737337726446013,
      0.0017502422441576086,
      0.0,
      0.00022514670116417155,
      0.0,
      0.0,
      0.016709074786776454,
      0.0001315460921425815,
      0.0,
      0.005345989309352598,
      0.0,
      0.0,
      0.0,
      0.008023155970159762,
      0.0,
      0.0,
      0.0,
      0.0,
      0.050045591610035876,
      0.036974599646944085,
      0.026786533607387534,
      0.0,
      0.0,
      0.0,
      0.0,
      0.0,
      0.009987643920369153,
      0.007065221748605953,
      0.011453982375865212,
      0.01640601487041211,
      0.0,
      0.008670434606099443,
      0.009422030653824095,
      0.0,
      0.006777940836469537,
      0.013696015393336095,
      0.021801703384644277,
      0.0,
      0.004358133373778197,
      0.0,
      0.010952205375627454,
      0.0018063156918355157,
      0.0,
      0.015643273570018476,
      0.006424487143747427,
      0.007431515762971491,
      0.009257531836286569,
      0.0,
      0.01118442027273234,
      0.0,
      0.0,
      0.015640480223169873,
      0.012941700433614162,
      0.0,
      0.0,
      0.005399665047045442,
      0.005451987428757576,
      0.0,
      0.0,
      0.0,
      0.0,
      0.01020195849750179,
      0.0,
      0.010316821098780689,
      0.014080141119377393,
      0.0,
      0.0,
      0.004017396205959518,
      0.021649226975749416,
      0.015374178112477136,
      0.0,
      0.011674981856609905,
      0.016000048670741458,
      0.0,
      0.0,
      0.03833773225985721,
      0.005660024909982361,
      0.015550607534183532,
      0.004860811766368545,
      0.0002617291367897275,
      0.006789106239735238,
      0.0044297168580259595,
      0.0,
      0.011755167787857313,
      0.00486842260886029,
      0.007040731160041957,
      0.0,
      0.014563100904826811,
      0.009221557581055322,
      0.010270953132712491,
      0.00478385523623121,
      0.0,
      0.00815123521572878,
      0.027104578961960335,
      0.005241322354939369,
      0.01676208991029618,
      0.0011161602165520516,
      0.0
    ],
    "low_data": false
  },
  "500000": {
    "median": 0.0038673262099285163,
    "p90": 0.019489668455658,
    "p10": 0.0,