{
  "100000": {
    "median": 0.000959766809796639,
    "p90": 0.01696636730906368,
    "p10": 0.0,
    "sample": [
      3.685116394564532e-05,
      6.364904340328958e-05,
      0.0,
      0.009758657938506514,
      0.0,
      0.006632031701904699,
      0.019738453101057502,
      0.017379679736138864,
      0.0,
      0.0,
      0.004949784158845026,
      0.0,
      0.0,
      0.0014453649630519518,
      0.01695361953994544,
      0.0,
      0.01395579557327899,
      0.0,
      0.0,
      0.0,
      0.0010869450460996505,
      0.013303034753727898,
      0.0,
      0.0025128115065161565,
      0.01020140565317051,
      0.0,
      0.0015962295874801316,
      0.0025999893075360674,
      0.00806416532015626,
      0.019384912786018706,
      0.0,
      0.0,
      0.005926544443595523,
      0.009003724504885497,
      0.008525826265381613,
      0.0225107560114715,
      0.014324981257490729,
      0.0,
      0.0031488064252318806,
      0.025352616156155992,
      0.005021276620886136,
      0.01108525441152043,
      0.0,
      0.0,
      0.0,
      0.01623004622900251,
      0.026684589010577218,
      0.0,
      0.030946722296506603,
      0.029732091209551063,
      0.02854369569710837,
      0.0,
      0.0,
      0.0,
      0.0,
      0.0,
      0.003998569623553311,
      0.0,
      0.0,
      0.0,
      0.0,
      0.0,
      0.003300446635561556,
      0.0,
      0.013564895323532361,
      0.00887801309160941,
      0.011692456103161736,
      0.0,
      0.013476405305640619,
      0.012540297841419098,
      0.009148736061009143,
      0.0030840208327062137,
      0.0,
      0.005654877105439559,
      0.0,
      0.0,
      6.915840817391632e-05,
      0.0015865113235382239,
      0.007297074248477573,
      0.017940316805345892,
      0.0027566369534972298,
      0.0,
      0.015858730880165872,
      0.0,
      0.007982657220409818,
      0.0015755302951465308,
      0.0,
      0.00782523461435526,
      0.0,
      0.01021733952664534,
      0.0,
      0.0,
      0.0,
      0.024841923655665912,
      0.01406764637994974,
      0.0,
      0.000959766809796639,
      0.0,
      0.0,
      0.017017358385536644,
      0.0,
      0.0,
      0.0,
      0.0,
      0.0,
      0.0014006332361229104,
      0.00631182272370041,
      0.003052498235798574,
      0.011607972648889624,
      0.0,
      0.0,
      0.0,
      0.0,
      0.016831160141341082,
      0.0,
      0.0,
      0.009082511534570188,
      0.0,
      0.0013021674394513285,
      0.0,
      0.0,
      0.0,
      0.01647379666701248,
      0.021711535097537125,
      0.0,
      0.0,
      0.010993909248202045,
      0.005022214052303392,
      0.008468785876430133
    ],
    "low_data": false
  },
  "250000": {
    "median": 0.00294159477269909,
    "p90": 0.019210447789826515,
    "p10": 0.0,
    "sample": [
      8.40615158918761e-05,
      0.0001451903956531771,
      0.0,
      0.010194942983479865,
      0.0,
      0.007074325716016069,
      0.02037590686464452,
      0.01786768751097804,
      0.0,
      0.0,
      0.005926421953924697,
      0.0,
      0.0,
      0.002535999937210951,
      0.01734041959366697,
      0.0003317284801818837,
      0.014901609611046737,
      0.0,
      0.0,
      0.0,
      0.0014097887967521522,
      0.01422393086226189,
      0.0,
      0.002972810181932557,
      0.011238788444748755,
      0.0,
      0.0031526308073034546,
      0.00294159477269909,
      0.008510211599898308,
      0.019993280764262034,
      0.0,
      0.0,
      0.006222890177654413,
      0.009193581141871939,
      0.008986243913671145,
      0.023551428699455108,
      0.014959430396731983,
      0.0,
      0.004618522893101872,
      0.026205310862034186,
      0.006101397219944661,
      0.012325551601912869,
      0.0,
      0.0,
      0.0,
      0.01722108813688978,
      0.028007606425645027,
      0.0,
      0.03166022041510407,
      0.030599459010312708,
      0.030675765574761607,
      0.0,
      0.0,
      0.0,
      0.0,
      0.0,
      0.006075926351035975,
      0.0,
      0.0033522885358466493,
      0.0,
      0.0,
      0.0,
      0.004652228095143094,
      0.0,
      0.017090152219067588,
      0.010730724453420132,
      0.013128884145217455,
      0.0,
      0.015898922458296497,
      0.020270298721646682,
      0.010363810538089305,
      0.004452924327680128,
      0.0,
      0.007281013804516392,
      0.0,
      0.0,
      0.0006184853196775782,
      0.002868954930758315,
      0.008155751824882285,
      0.018948485631679654,
      0.004125095435865547,
      0.0,
      0.017015689731490136,
      0.0,
      0.008986390865221978,
      0.003384382628184007,
      0.0,
      0.0085491613778365,
      0.0,
      0.011651239631291638,
      0.0,
      0.0,
      0.0,
      0.02620996406827083,
      0.014674762126219487,
      0.0,
      0.001785997480895915,
      0.0,
      0.013954071983501156,
      0.01777747107920892,
      0.0,
      0.0,
      0.0,
      0.0,
      0.0,
      0.003910970501069776,
      0.007909691909123703,
      0.005054645463625217,
      0.012298968075199701,
      0.0,
      0.0,
      0.0005424878532435339,
      0.0,
      0.020147062765419454,
      0.0,
      0.00020942739570564434,
      0.012372346866032922,
      0.0,
      0.00366523337566181,
      0.004335430748204401,
      0.0,
      0.004626496954856265,
      0.023868530662955946,
      0.02649434577070959,
      0.0,
      0.0,
      0.01122855279677262,
      0.016500549517932832,
      0.019014739546217633
    ],
    "low_data": false
  },
  "500000": {
    "median": 0.004364484293014075,
    "p90": 0.025177094906959966,
    "p10": 0.0,