{
  "100000": {
    "median": 0.0009180314438094739,
    "p90": 0.017361093707797006,
    "p10": 0.0,
    "sample": [
      3.685116394564532e-05,
      6.364904340328956e-05,
      0.0,
      0.022000170016914587,
      0.0,
      0.02360417129240583,
      0.010141614218595687,
      0.0,
      0.00308762142540416,
      0.0,
      0.016327213489430722,
      0.0,
      0.0,
      0.005512257302146793,
      0.0,
      0.0,
      0.0,
      0.001012563953587013,
      0.018592877146591753,
      0.0009019645218332291,
      0.01574718412697164,
      0.0,
      0.01700180066648,
      0.0,
      0.008304399884475497,
      0.01239610965893977,
      0.00970416588875302,
      0.0,
      0.0,
      0.0061150284893633396,
      0.0,
      0.006211121033586366,
      0.0,
      0.0,
      0.010382972510476146,
      0.03157403734465362,
      0.0,
      0.002209913202590155,
      0.0009180314438094739,
      0.004752855552486024,
      0.0,
      0.0,
      0.025902368112644812,
      0.015105759222800838,
      0.023147533957411696,
      0.02021858503634569,
      0.0,
      0.0,
      0.0,
      0.004829654028986443,
      0.0,
      0.0,
      0.02235206957210287,
      0.0,
      0.0,
      0.012804750271607837,
      0.01505039017874207,
      0.0,
      0.0,
      0.0,
      0.013506900836312804,
      0.007904919786811269,
      0.0013959015088536918,
      0.0,
      0.0,
      0.007366947097614999,
      0.0020150257894803614,
      0.0037929238703411036,
      0.004836575277062554,
      0.020383651259178338,
      0.0,
      0.0,
      0.0,
      0.0,
      0.0,
      0.010639081144556955,
      0.005810359000406972,
      0.0,
      0.0017180738921951325,
      0.0002483017653583608,
      0.004857539904646749,
      0.0,
      0.0,
      0.005773517250815122,
      0.0,
      0.0,
      0.002926209416423563,
      0.0,
      0.0030462263417646777,
      0.0,
      0.0,
      0.0,
      0.01592723652860361,
      0.0026113822986282547,
      0.014527929206758158,
      0.009306064068584622,
      0.0005668940992968087,
      0.008790314935399716,
      0.00744113084471873,
      0.046989103384811104,
      0.017361093707797006,
      0.0,
      0.0,
      0.029290775171613236,
      0.017652865277371737,
      0.001456780798820309,
      0.0,
      0.0,
      0.0,
      0.0,
      0.02076171464111757,
      0.0,
      0.004482646926522617,
      0.0,
      0.00849327185905874,
      0.0,
      0.014229367532460844,
      0.013487066647940572,
      0.0,
      0.0,
      0.0,
      0.0,
      0.0021401772604866245,
      0.005599343766054414,
      0.011675958740531666,
      0.0,
      0.0,
      0.004999308419286856,
      0.014170047903581432,
      0.011096887914633395,
      0.01551828637418168
    ],
    "low_data": false
  },
  "250000": {
    "median": 0.0024258154318204093,
    "p90": 0.01944847189549343,
    "p10": 0.0,
    "sample": [
      8.40615158918761e-05,
      0.0001451903956531771,
      4.4983657672532495e-05,
      0.022436455061887937,
      0.0,
      0.0240464653065172,
      0.010779067982182703,
      0.0,
      0.0038907741156208216,
      0.0,
      0.017303851284510393,
      0.0,
      0.0,
      0.0066028922763057924,
      0.0,
      0.0,
      0.0,
      0.002133068938300087,
      0.01886594721265177,
      0.0015945041236579889,
      0.01607002787762414,
      0.0,
      0.018008984402115444,
      9.536381230652218e-05,
      0.00934178267605374,
      0.013289580791927222,
      0.011260567108576343,
      0.0,
      0.0,
      0.00672339646760667,
      0.0,
      0.006560641413425933,
      0.0,
      0.0,
      0.010843390158765679,
      0.032614710032637224,
      0.0,
      0.0031206475197173202,
      0.002387747911679466,
      0.005605550258364216,
      0.0,
      0.0,
      0.02699823795879647,
      0.01626577908285498,
      0.02441350165449756,
      0.02120962694423296,
      0.0005059831034122935,
      0.0,
      0.0,
      0.005697021829748086,
      0.0,
      0.0,
      0.024478111014269152,
      0.0,
      0.0,
      0.015153328730925165,
      0.017127746906224733,
      0.0,
      0.0,
      0.0,
      0.014927484537247649,
      0.011349355309623537,
      0.0027476829684352304,
      0.0024258154318204093,
      0.0,
      0.00921965845942572,
      0.0034514538315360797,
      0.006097279832793121,
      0.007259092429718433,
      0.02811365213940592,
      0.0,
      0.0,
      0.0,
      0.0,
      0.0,
      0.012178584477424776,
      0.006359685911910635,
      0.0012639398892918363,
      0.002576751468599845,
      0.0012564705916921224,
      0.006225998387015067,
      0.0,
      0.0,
      0.006318511744660821,
      0.0,
      0.0,
      0.003208929049970004,
      0.0,
      0.004398621587568144,
      0.0,
      0.0,
      0.0,
      0.017788869665366393,
      0.003979422711233171,
      0.015135044953027905,
      0.009650089796960767,
      0.0013931247703960847,
      0.010510661318102311,
      0.022637102232694405,
      0.04774921607848338,
      0.018930303200722184,
      0.0,
      0.0,
      0.03235378352691487,
      0.020840100615486478,
      0.003967118063767174,
      0.0,
      0.0,
      0.0,
      0.0,
      0.022157434661841096,
      0.0,
      0.005645144211921373,
      0.0,
      0.011648952450195996,
      0.0,
      0.017519202863923576,
      0.01850803728940076,
      0.0,
      0.0014837021894681286,
      0.0,
      0.003155989356175005,
      0.009534911256430093,
      0.010382154439226882,
      0.013615281202141623,
      0.001688091328022587,
      0.0,
      0.006930827724284281,
      0.016004363984440214,
      0.012795868360285791,
      0.01944847189549343
    ],
    "low_data": false
  },
  "500000": {
    "median": 0.004654189447653548,
    "p90": 0.023109247786926242,
    "p10": 0.0,