{
  "100000": {
    "median": 0.001145584539405568,
    "p90": 0.014646889484730273,
    "p10": 0.0,
    "sample": [
      3.845210793174097e-05,
      0.00021475822315838297,
      0.02705841779350253,
      0.0,
      0.0021192489838083592,
      0.0,
      0.0,
      0.021489905402695388,
      0.0002647751864375705,
      0.0,
      0.009131130445035872,
      0.0,
      0.0,
      0.0,
      0.014887393253035492,
      0.026108044985515257,
      0.0,
      0.013948286596837644,
      0.0,
      0.0,
      0.00661070015893145,
      0.0,
      0.004234403187310016,
      0.000524604209852339,
      0.0062930688196159755,
      0.002204613904195089,
      0.0,
      0.00910650896246454,
      0.002007234796586213,
      0.0008525362398960282,
      0.0,
      0.0,
      0.0,
      0.0,
      0.0,
      0.0,
      0.005235153109810649,
      0.0,
      0.0006704353468193908,
      0.004955105151639005,
      0.007130356315387961,
      0.0,
      0.008821066328104343,
      0.0002863703885322079,
      0.013274123290099396,
      0.021035913682300504,
      0.0,
      0.007420691817235207,
      0.0032857565164214693,
      0.013755981949690185,
      0.01366732468510926,
      0.011026727334015803,
      0.005371161390271415,
      0.0,
      0.001321637097447889,
      0.016674609512372585,
      0.0008707060563352569,
      0.014002472697742982,
      0.0019390303325703593,
      0.0,
      0.0,
      0.010991433015760471,
      0.007083421477876362,
      0.0003672079760986876,
      0.0,
      0.014683289668178919,
      0.008098512655431832,
      0.0,
      0.017760669460423338,
      0.0,
      0.0012137735184707475,
      0.014592733051029235,
      0.0017260484324366648,
      0.01633369980060391,
      0.0,
      0.010025404449675177,
      0.0,
      0.0,
      0.013559491074808874,
      0.0,
      0.006856772174328994,
      0.0,
      0.005482008955855591,
      0.015804973341882265,
      0.013641569808951377,
      0.0,
      0.0002554931944158305,
      0.004558442155055989,
      0.0,
      0.0,
      0.0009394933299448429,
      0.017319583543902776,
      0.0004560404122145752,
      0.014671999784721543,
      0.0,
      0.0,
      0.0,
      0.0024836460596197427,
      0.011880127502782568,
      0.0,
      0.003432634176061495,
      0.009239508696813937,
      0.0,
      0.0014200589090679029,
      0.003855193777396296,
      0.006288910614288207,
      0.018946199012124715,
      0.0,
      0.0,
      0.007150950523034164,
      0.0074819958338356776,
      0.007214608021287736,
      0.012116674326059368,
      0.008063681391630642,
      0.0,
      0.003955555295598394,
      0.010246048090536263,
      0.003982521753688501,
      0.010248062349216634,
      0.0,
      0.0,
      0.0012778685744249388,
      0.00990399953063581,
      0.008789459546296884,
      0.0,
      0.015013890219772372,
      0.01628294577577243,
      0.013993446118259293,
      0.0,
      0.0,
      0.0,
      0.0,
      0.0,
      0.005548122997247462,
      0.0,
      0.0004971150714948385,
      0.0,
      0.0,
      0.0,
      0.0036986030308884753,
      0.0,
      0.014188114951183002,
      0.013853749360472923,
      0.018300665004626248,
      0.0,
      0.015697261488504765,
      0.010870039852488154,
      0.012974195396290404,
      0.009384365506682014,
      0.0,
      0.008467318480079143,
      0.0,
      0.0,
      0.00816958771881883,
      0.0030717673406643145,
      0.012085850706770731,
      0.019247983555545852,
      0.006789917513664239,
      0.0,
      0.015468725613640238,
      0.0,
      0.007326734542261212,
      0.0010773955603403885,
      0.0,
      0.006077249405127826,
      0.0,
      0.007872316469213192,
      0.0,
      0.0,
      0.0,
      0.02095090422234834,
      0.012146339757327602,
      0.0,
      0.0008920903196286788,
      0.0,
      0.0,
      0.014621779184739003,
      0.0,
      0.0,
      0.0,
      0.0,
      0.0,
      0.00021130668117492931,
      0.007363830048237708,
      0.003963867408520823,
      0.014150659841607913,
      0.0,
      0.0,
      0.0027357497188445737,
      0.0,
      0.013004118687858631,
      0.0,
      0.0,
      0.010115978990171585,
      0.0,
      0.005359271448234824,
      0.0,
      0.0,
      0.0,
      0.01060236014024378,
      0.020823967262024637,
      0.0,
      0.0,
      0.008548882774335359,
      0.0,
      0.005300153785318636
    ],
    "low_data": false
  },
  "250000": {
    "median": 0.003608922157971247,
    "p90": 0.017806183974326185,
    "p10": 0.0,