{
  "100000": {
    "median": 0.0025417513615180907,
    "p90": 0.015445989992797456,
    "p10": 0.0,
    "sample": [
      3.845210793174097e-05,
      0.00021475822315838297,
      0.029603355476100903,
      0.0,
      0.0,
      0.002559080222938442,
      0.0,
      0.0,
      0.01327501094172805,
      0.01627975916152573,
      0.0,
      0.02270651126345038,
      0.006037005339350375,
      0.0,
      0.0,
      0.01187116999166344,
      0.016340936212230844,
      0.0,
      0.03193815053044313,
      0.0014920053635815809,
      0.0,
      0.00011920956387586218,
      0.026637294090037872,
      0.004204710085336524,
      0.012184564043788523,
      0.009046044444128074,
      0.014586754719394199,
      0.00496877940937145,
      0.0,
      0.01667851812402992,
      0.007738479887313617,
      0.006683593789451271,
      0.0004894251898671388,
      0.0,
      0.005182192553732737,
      0.0,
      0.0069077709234866965,
      0.0,
      0.0056400523930140705,
      0.015626393120318504,
      0.0,
      0.0,
      0.0,
      0.00819720347141445,
      0.002903436009579435,
      0.0033871891585612857,
      0.0038161697171978847,
      0.0,
      0.004083949000044331,
      0.010046924586735801,
      0.0,
      0.00203268310855919,
      0.0,
      0.00781631128899501,
      0.0,
      0.007508089151754823,
      0.004161646355093099,
      0.0,
      0.003794090441820879,
      0.017142228767019336,
      0.0,
      0.0077012057082615475,
      0.013321926248455868,
      0.0,
      0.0,
      0.011102656685349915,
      0.0,
      0.005313543129672091,
      0.0017854910347679703,
      0.022936557923370328,
      0.0,
      0.0,
      0.0,
      0.0201778037795388,
      0.0,
      0.004256049596461413,
      0.00783751742226936,
      0.0,
      0.0,
      0.010162804584467527,
      0.0014467122788256268,
      0.0,
      0.01066663785788583,
      0.0,
      0.001212056370614081,
      0.00034945017185197716,
      0.0008884750852410095,
      0.022858927060318605,
      0.0,
      0.00406763645816061,
      0.0,
      0.006801204558798105,
      0.005627765996667506,
      0.01618500324582749,
      0.015025049361914974,
      0.004031459092396566,
      0.0,
      0.0,
      0.0021497602670027304,
      0.0,
      0.0,
      0.005832838554107838,
      0.0,
      0.0,
      0.004024521663387186,
      0.0035816289231798636,
      0.008147566641790407,
      0.0022321535001364255,
      0.0,
      0.0031309285166690294,
      0.0016369004682261564,
      0.0,
      0.008710383781519964,
      0.001354703746483681,
      0.0,
      0.004249909442491446,
      0.0,
      0.0,
      0.00497971264811556,
      0.0029775193681325137,
      0.0,
      0.0,
      0.0026257503664600204,
      0.0,
      0.019617594421405968,
      0.01721476189219005,
      0.014714235728337275,
      0.0003429230968820655,
      0.0009758125830425248,
      0.0,
      0.0,
      0.0,
      0.005207751359873235,
      0.006254892434085398,
      0.013230721725565452,
      0.01008424949292128,
      0.0,
      0.007352259649268184,
      0.0029974566107331168,
      0.0,
      0.00403042222091043,
      0.01115520121402132,
      0.02991094575516898,
      0.0,
      0.002959055048806521,
      0.0,
      0.0,
      0.0015511003019078545,
      0.0,
      0.019943050758209662,
      0.007262773373931853,
      0.009795191107846948,
      0.008858888268699655,
      0.004209933731254,
      0.011988138118990055,
      0.0,
      0.0,
      0.018172405029829863,
      0.010683090370850613,
      0.0,
      0.0,
      0.004115915523640928,
      0.002795324996132244,
      0.0,
      0.0,
      0.0,
      0.00014018131867106617,
      0.006242351987924813,
      0.0,
      0.00712000456387567,
      0.011004367385559845,
      0.0,
      0.0,
      0.002693600881956812,
      0.017352418386446192,
      0.0008332486806024112,
      0.0,
      0.00880052411891622,
      0.014086061378333146,
      0.0,
      0.0,
      0.03009671430512797,
      0.0017242243199621348,
      0.016757894154207198,
      0.0037287493049158165,
      0.0,
      0.0074123937650175005,
      0.005332135012711803,
      0.0,
      0.011463063536111172,
      0.0007826688637050745,
      0.00245739794448751,
      0.0,
      0.011959998062567341,
      0.0032640006435628193,
      0.011092309159038029,
      0.0,
      0.0030362972106398097,
      0.0014753492294158413,
      0.01356114655555673,
      0.0025244225000977394,
      0.011998342854224353,
      0.0,
      0.0
    ],
    "low_data": false
  },
  "250000": {
    "median": 0.004635179797610139,
    "p90": 0.0179890417024413,
    "p10": 0.0,