{
  "100000": {
    "median": 0.000601004226284539,
    "p90": 0.013870381417443695,
    "p10": 0.0,
    "sample": [
      3.845210793174097e-05,
      0.00021475822315838297,
      0.002891042827922803,
      0.0,
      0.0,
      0.0,
      0.0165352628107372,
      0.0,
      0.0,
      0.0,
      0.0,
      0.016888498225948206,
      0.0,
      0.009284213001694384,
      0.017470151230825504,
      0.0,
      0.0,
      0.0,
      0.0,
      0.009642759329982308,
      0.0,
      0.0,
      0.0,
      0.0,
      0.008779457348296257,
      0.00482576344053197,
      0.0034940493837302663,
      0.0,
      0.0,
      0.0037243228092649454,
      0.001829592635454819,
      0.004395840687749888,
      0.0027312959319135068,
      0.0,
      0.0071880031439581,
      0.0,
      0.010025501332259055,
      0.00884534469950333,
      0.017102317952218362,
      0.0010273192104428735,
      0.010247389866748929,
      0.0,
      0.01768092048462213,
      0.012278930659981143,
      0.006944182763206083,
      0.0,
      0.0,
      0.006234283164789769,
      0.0,
      0.0,
      0.0,
      0.019646549644056092,
      0.0,
      0.0,
      0.008951261189646773,
      0.00658263365389065,
      0.011467461618358182,
      0.0,
      0.0,
      0.009588277472565482,
      0.0,
      0.008541825416449673,
      0.0,
      0.0,
      0.0,
      0.0,
      0.00010543128781893038,
      0.003384379015594006,
      0.0,
      0.0,
      0.0,
      0.013853805626306505,
      0.0,
      0.007254181461365808,
      0.0002946859393079946,
      0.0,
      0.02657534154652085,
      0.0,
      0.0037001142090973124,
      0.0,
      0.013909058263430472,
      0.0,
      0.01771220803165954,
      0.008582624578726501,
      0.0,
      0.002817106353368108,
      0.0,
      0.013623632179374897,
      0.0,
      0.0,
      0.004506472469294631,
      0.0,
      0.0,
      0.0,
      0.0024429913826492294,
      0.0165533601353353,
      0.0013630374988573373,
      0.013192682747793536,
      0.0,
      0.015942878786871707,
      0.0006685671637173856,
      0.007574409667628376,
      0.010301312875327932,
      0.007923007686483973,
      0.0,
      0.0,
      0.008136209733529999,
      0.0,
      0.007201508703705772,
      0.0006271022962484394,
      0.0,
      0.008295304015521806,
      0.01662859667057792,
      0.0,
      0.001766589774417163,
      0.0030529186213843623,
      0.002769681248288289,
      0.0,
      0.0,
      0.011150708113295521,
      0.00714070067498042,
      0.013571071769209563,
      0.011188199261263524,
      0.00015257319713059617,
      0.0,
      0.0,
      0.006037609378473637,
      0.0,
      0.0,
      0.010480897499221504,
      0.0,
      0.0,
      0.008903041623046238,
      0.013443731335273858,
      0.0,
      0.0,
      0.0,
      0.012150696314841947,
      0.004591311905541183,
      0.002124822804389932,
      0.0003770043696229113,
      0.0,
      0.011662119913642096,
      0.003962289763361158,
      0.005530467320317518,
      0.0044107277679036085,
      0.021287681603958327,
      0.0,
      0.0,
      0.0,
      0.0,
      0.0,
      0.01194578906355126,
      0.014198133369269061,
      0.0013507681390600849,
      0.006446712380681093,
      0.0006998404076533413,
      0.008866574269459259,
      0.0,
      0.0,
      0.00545444157217308,
      0.0,
      0.0,
      0.0027591954229728727,
      0.0,
      0.0023910959918820645,
      0.0,
      0.0,
      0.0,
      0.013351192081804873,
      0.0027217099924608436,
      0.012513871218397216,
      0.007773454105861626,
      0.0005749061563206385,
      0.00829895481127267,
      0.006789755287241923,
      0.03941478485724847,
      0.015416995473802122,
      0.0,
      0.0,
      0.025185215953419354,
      0.015234333402515465,
      0.0002598738598441272,
      0.0,
      0.0,
      0.0,
      0.0,
      0.024152079943319884,
      0.0,
      0.006863808283885589,
      0.0,
      0.006403693076983018,
      0.0,
      0.014448231929077505,
      0.01131552005185094,
      0.0009508218804445611,
      0.0,
      0.0,
      0.0,
      0.0,
      0.0069508462140133575,
      0.009189845949039759,
      0.0,
      0.0,
      0.003582705438694329,
      0.011439022363023167,
      0.010711374961952043,
      0.014515112378487287
    ],
    "low_data": false
  },
  "250000": {
    "median": 0.002977408242751994,
    "p90": 0.016951161952415136,
    "p10": 0.0,