{
  "100000": {
    "median": 6.315785919916463e-05,
    "p90": 0.016791973287098996,
    "p10": 0.0,
    "sample": [
      5.154498743919551e-05,
      7.477073095913375e-05,
      0.0,
      0.010565727122596706,
      0.0,
      0.0,
      0.0,
      0.0,
      0.0,
      0.0019632279892615304,
      0.0,
      0.0,
      0.0,
      0.013186252890642316,
      0.0,
      0.00584322842003252,
      0.0006276074245297184,
      0.0,
      0.02115869308521238,
      0.0,
      0.0037171795341254957,
      0.00010876092716999221,
      0.009679650755575288,
      0.0,
      0.011653109512678252,
      0.005032844155254084,
      0.0,
      0.003052486122634316,
      0.0,
      0.008512456407557503,
      0.0,
      0.0,
      0.0031632076099602094,
      0.0,
      0.0011671983550114514,
      0.0,
      0.00026302931491907293,
      0.014971944503575828,
      0.0011555584545651775,
      0.012807003748777914,
      0.0,
      0.016343661813605238,
      0.00013964062761145967,
      0.009275301279002692,
      0.012220284961293371,
      0.008538989946490622,
      0.0,
      0.0,
      0.0058949361923380066,
      0.0,
      0.006703334074248004,
      0.0,
      0.0,
      0.01043587048820802,
      0.02999710462695871,
      0.0,
      0.0037762679461950392,
      0.0022980632274589474,
      0.002867170614336809,
      0.0,
      0.0,
      0.014419987417568905,
      0.007744607313587197,
      0.011406640119904537,
      0.01762181950519523,
      0.0,
      0.0,
      0.0,
      0.004243605343539058,
      0.0,
      0.0,
      0.023301906336387703,
      0.0,
      0.0,
      0.01256180310098565,
      0.01630494412507796,
      0.0,
      0.0,
      0.0,
      0.01620263133660959,
      0.007119057096057931,
      0.0006013436563679568,
      0.0,
      0.0,
      0.011066745770708443,
      0.0019417712950903147,
      0.003931520299511052,
      0.0051615854417082635,
      0.028264672105271643,
      0.0,
      0.0,
      0.0,
      0.0,
      0.0,
      0.020698963812674085,
      0.01119371718921948,
      0.0,
      0.0020750320781351226,
      0.0,
      0.007427906740007768,
      0.0,
      0.0,
      0.010674478735155642,
      0.0,
      0.0,
      0.003975265839836314,
      0.0,
      0.0029346457054424085,
      0.0,
      0.0,
      0.0,
      0.016754547884028057,
      0.0019221118586754359,
      0.01660293659769941,
      0.012101226682727544,
      0.0,
      0.009625856530366348,
      0.0,
      0.06435526034780298,
      0.02342121271979688,
      0.0,
      0.0,
      0.035690975034005215,
      0.02033593083013731,
      0.0,
      0.0,
      0.0,
      0.0,
      0.0,
      0.03521774644693197,
      0.0,
      0.00654495964245573,
      0.0,
      0.011455765221269348,
      0.0,
      0.021680517869601835,
      0.01755940124916672,
      0.0,
      0.0,
      0.0,
      0.0,
      0.0,
      0.0030790336059896488,
      0.01624040671817857,
      0.0,
      0.0,
      0.004880936745831496,
      0.017128801914737465,
      0.0146535272597614,
      0.01776246908938587
    ],
    "low_data": false
  },
  "250000": {
    "median": 0.00017073552595291776,
    "p90": 0.017346086428842437,
    "p10": 0.0,
    "sample": [
      0.00011757972657681848,
      0.00017056017546797594,
      0.0,
      0.011099526167406386,
      0.0,
      0.0,
      0.0,
      0.0,
      0.0,
      0.002253208387919734,
      0.0,
      0.0,
      0.0,
      0.013926906031922894,
      0.0,
      0.006489891553043268,
      0.0014809391706783613,
      0.0,
      0.02252367586916132,
      0.0,
      0.00550961228393477,
      0.0010334152236703422,
      0.010737078143939935,
      0.0,
      0.012860710817414042,
      0.005661889111395704,
      0.0,
      0.005390926141729965,
      0.0001709108764378596,
      0.009563344939074087,
      0.0,
      0.0,
      0.004326971463952306,
      0.0,
      0.0035053821825702784,
      0.0,
      0.00046813072667209563,
      0.01575256883224301,
      0.0022607917415142452,
      0.013947075170948684,
      0.0,
      0.017343139060132517,
      0.0013080564038890244,
      0.01096942002400437,
      0.013745544552894735,
      0.009349303224979542,
      0.0,
      0.0,
      0.006544006696767397,
      0.0,
      0.007926904755416833,
      0.0,
      0.0,
      0.011927800000763922,
      0.03171919973726266,
      0.0,
      0.007372925230169113,
      0.005421216554639992,
      0.0035721087636712296,
      0.0,
      0.0,
      0.014682523839169606,
      0.008529718309252924,
      0.012208698819880175,
      0.017713844692305133,
      0.0,
      0.0,
      0.0,
      0.004335911433448247,
      0.0,
      0.0,
      0.02358817854985633,
      0.0,
      0.0,
      0.012781528559493537,
      0.01668031442958456,
      0.0,
      0.0,
      0.0,
      0.016350825679546876,
      0.007593051897840099,
      0.0007907810108064457,
      0.0,
      0.0,
      0.011190010652615047,
      0.002208726784570065,
      0.00413241375067144,
      0.005220665725007268,
      0.028338790229870046,
      0.0,
      0.0,
      0.0,
      0.0,
      0.0,
      0.02081296021076941,
      0.011548331601788591,
      0.0,
      0.002210941719219188,
      0.0,
      0.007666055919267316,
      0.0,
      0.0,
      0.010797781975006257,
      0.0,
      0.0,
      0.004150010048364198,
      0.0,
      0.00304679827456003,
      0.0,
      0.0,
      0.0,
      0.016866823707325698,
      0.0021002006766218037,
      0.0166804162483246,
      0.012132630502421533,
      1.03218532940508e-05,
      0.009712200387520076,
      0.0,
      0.06442146764062148,
      0.023505213600407207,
      0.0,
      0.0,
      0.03585251577230127,
      0.020461904466131896,
      0.0,
      0.0,
      0.0,
      0.0,
      0.0,
      0.03530348963707756,
      0.0,
      0.006609860813669767,
      0.0,
      0.01152116182843212,
      0.0,
      0.021826097184575902,
      0.017629856044063277,
      0.0,
      0.0,
      0.0,
      0.0,
      0.0,
      0.0032512556797954055,
      0.016352405187215643,
      0.0,
      0.0,
      0.005035585079258744,
      0.017372612747231706,
      0.014826400309896298,
      0.017990162595827176
    ],
    "low_data": false
  },
  "500000": {
    "median": 0.001311856083308301,
    "p90": 0.0177395127965985,
    "p10": 0.0,