{
  "100000": {
    "median": 4.853857934843106e-05,
    "p90": 0.018659308798116142,
    "p10": 0.0,
    "sample": [
      5.154498743919551e-05,
      7.477073095913375e-05,
      0.0,
      0.014281016461053448,
      0.0073822256982700426,
      0.0,
      0.0,
      0.014610252405476361,
      0.007140902227803559,
      0.0,
      0.0171006218198734,
      0.0,
      0.0,
      0.013929111154948071,
      0.0,
      0.01419204957615964,
      0.0,
      0.00826651432994765,
      0.0,
      0.0,
      0.011056896570249468,
      0.0,
      0.004675434179313697,
      0.0,
      0.0038376208204030852,
      0.0095524456624652,
      0.010208712681960939,
      0.0,
      4.5532171257666614e-05,
      0.002889731692795874,
      0.0,
      0.0,
      0.0011957820051252837,
      0.00969799976090685,
      0.0014491171560791645,
      0.007987998600528387,
      0.0,
      0.0,
      0.0,
      0.001532050072948766,
      0.01166162225679382,
      0.0,
      0.003210705258574384,
      0.011288302093014216,
      0.0,
      0.0009876731927771893,
      0.0025195554422155187,
      0.007805504691416796,
      0.018572247646217538,
      0.0,
      0.0,
      0.006766322439328447,
      0.008044232225033789,
      0.008718103678347472,
      0.0215551458807643,
      0.014437972331953014,
      0.0,
      0.003658661713690974,
      0.01454438953026406,
      0.003427835807771478,
      0.006936224526627485,
      0.0,
      0.0,
      0.0,
      0.014021984526062467,
      0.023219959621110668,
      0.0,
      0.02915544238574298,
      0.029259647305963102,
      0.02704534001574287,
      0.0,
      0.0,
      0.0,
      0.0,
      0.0,
      0.003127273993978524,
      0.0,
      0.0,
      0.0,
      0.0,
      0.0,
      0.0031360349047430867,
      0.0,
      0.016503765793927254,
      0.013866583434786849,
      0.020709973781059134,
      0.0,
      0.020165813486610968,
      0.012847327925338036,
      0.01739665786165418,
      0.004282540563417335,
      0.0,
      0.009438144282515009,
      0.0,
      0.0,
      0.0,
      0.001306027525858133,
      0.012558530489749352,
      0.035146844402582894,
      0.003412774947776451,
      0.0,
      0.03145004141941852,
      0.0,
      0.013660913367474069,
      0.0004334581817499148,
      0.0,
      0.010678915766366209,
      0.0,
      0.010450125200145972,
      0.0,
      0.0,
      0.0,
      0.0276031126198289,
      0.01606115541231691,
      0.0,
      0.00045145540449923784,
      0.0,
      0.0,
      0.022815048064740325,
      0.0,
      0.0,
      0.0,
      0.0,
      0.0,
      0.0,
      0.009631592129136727,
      0.0029153848006179105,
      0.021620981045834136,
      0.0,
      0.0,
      0.0,
      0.0,
      0.027057398293101213,
      0.0,
      0.0,
      0.0121618014379376,
      0.0,
      0.0,
      0.0,
      0.0,
      0.0,
      0.018862451485879544,
      0.02850443797875881,
      0.0,
      0.0,
      0.013394062828744367,
      0.0,
      0.000959624850653439
    ],
    "low_data": false
  },
  "250000": {
    "median": 0.0005836274574917376,
    "p90": 0.019127209796684155,
    "p10": 0.0,
    "sample": [
      0.00011757972657681848,
      0.00017056017546797594,
      0.0,
      0.014814815505863128,
      0.007759219292351149,
      0.0,
      0.0,
      0.015084560985715926,
      0.007444574069909128,
      0.0,
      0.017521507387355452,
      0.0,
      0.0005761262330232791,
      0.014669764296228651,
      0.0,
      0.01483871270917039,
      0.0,
      0.009582945054320011,
      0.0,
      0.0,
      0.012849329320058741,
      0.0,
      0.005732861567678343,
      0.0,
      0.0050452221251388735,
      0.01018149061860682,
      0.01156119388170774,
      0.0006034762606061798,
      0.0009338629991241815,
      0.003940620224312458,
      0.0,
      0.0,
      0.00235954585911738,
      0.011866989307029611,
      0.0037873009836379913,
      0.009636895811008838,
      0.0,
      0.0,
      0.0,
      0.002672121495119537,
      0.012432753806103699,
      0.0,
      0.004379121034851949,
      0.012982420838015894,
      0.0,
      0.0017979864712661092,
      0.0033335848559158795,
      0.008760596831728756,
      0.019221318150646927,
      0.0,
      0.0,
      0.00868456816472363,
      0.008491421706151166,
      0.010210033190903373,
      0.023277240991068246,
      0.01698650842744315,
      0.0017505942097242565,
      0.0067818150408720185,
      0.01524932767959848,
      0.004716850753804928,
      0.008273066406326893,
      0.0,
      0.0,
      0.0,
      0.014114009713172372,
      0.02335020430851758,
      0.0,
      0.029463348888236318,
      0.02935195339587229,
      0.0274012820715843,
      0.0,
      0.0,
      0.0,
      0.0,
      0.0,
      0.0035026442984851217,
      0.0,
      0.0,
      0.0,
      0.0,
      0.0,
      0.003325472259181576,
      0.0,
      0.01660417329582248,
      0.013989848316693454,
      0.02097692927053888,
      0.0,
      0.020224893769909973,
      0.01292144604993644,
      0.017456851292149383,
      0.004417225703096834,
      0.0,
      0.009607793337445006,
      0.0,
      0.0,
      0.0,
      0.0014777427194383973,
      0.012694440130833418,
      0.03538442949011596,
      0.0036509241270359983,
      0.0,
      0.03166040775069335,
      0.0,
      0.013938364934991159,
      0.0005911286819601961,
      0.0,
      0.010792980809938872,
      0.0,
      0.010507552872088273,
      0.0,
      0.0,
      0.0,
      0.027781201437775266,
      0.0161386350629421,
      0.0,
      0.0005133721642226544,
      0.0,
      0.0,
      0.022881255357558816,
      0.0,
      0.0,
      0.0,
      0.0,
      0.0,
      0.0,
      0.009940609179525689,
      0.0030966808782055735,
      0.021788003993208,
      0.0,
      0.0,
      0.0,
      0.0,
      0.027204066342240586,
      0.0,
      0.0,
      0.012307380752911667,
      0.0,
      0.0,
      0.0,
      0.0,
      0.0,
      0.019086877644985824,
      0.028676660052564567,
      0.0,
      0.0,
      0.013497440226651681,
      0.0,
      0.0018231719631820677
    ],
    "low_data": false
  },
  "500000": {
    "median": 0.0013626589567663182,
    "p90": 0.020250372642106017,
    "p10": 0.0,