{
  "100000": {
    "median": 0.0006046598876348117,
    "p90": 0.017839346580090502,
    "p10": 0.0,
    "sample": [
      5.154498743919551e-05,
      7.477073095913375e-05,
      0.0,
      0.0092907696802673,
      0.016561736099026805,
      0.0,
      0.0,
      0.010909087653495363,
      0.0,
      0.003994542903892303,
      0.0006681209979648441,
      0.022490309605341548,
      0.0,
      0.0,
      0.0,
      0.017726789572992684,
      0.0,
      0.003772339846372484,
      0.00687818537574215,
      0.0,
      0.0,
      0.007943331242963786,
      0.0008365213692556324,
      0.0,
      0.0071507646462975714,
      0.0,
      0.0015179050173222243,
      0.001367811813859633,
      0.00043644193007598257,
      0.014240689421525116,
      0.0,
      0.0018611446809948889,
      0.0,
      0.004181706040754954,
      0.0041354768288703455,
      0.008777585739077191,
      0.011853457356116637,
      0.002922394217044843,
      0.0,
      0.0,
      0.0016454078782036417,
      0.0,
      0.0,
      0.00716985048735183,
      0.0,
      0.0,
      0.0027351636126153713,
      0.004277132736073619,
      0.005908254897792734,
      0.0010429943131810328,
      0.0,
      0.001217454328196824,
      0.0,
      0.0,
      0.015181861489137211,
      0.0010908611706416426,
      0.0,
      0.004102359403049251,
      0.0,
      0.0,
      0.0,
      0.003650940430796012,
      0.0,
      0.0,
      0.0,
      0.0,
      0.04506480128097286,
      0.03421193761698544,
      0.025429327358258848,
      0.0,
      0.0,
      0.0,
      0.0,
      0.0,
      0.006728118367407274,
      0.0043068632160702175,
      0.012362501640105626,
      0.01104807898125475,
      0.0,
      0.008083851536685454,
      0.004625395270209791,
      0.0,
      0.003467840996923577,
      0.011348014877100483,
      0.03437987928887578,
      0.0,
      0.0006395951145643609,
      0.0,
      0.0,
      0.0,
      0.0,
      0.024024931143149592,
      0.007620679105082884,
      0.012995210884162682,
      0.014319777317577944,
      0.0,
      0.017951903587188317,
      0.0,
      0.0,
      0.025420353895668577,
      0.02074458794718622,
      0.0,
      0.0,
      0.006962755825102606,
      0.004356451910452967,
      0.0,
      0.0,
      0.0,
      0.0,
      0.008834418255900242,
      0.0,
      0.008150489879073533,
      0.01359058870598486,
      0.0,
      0.0,
      0.003308629732084458,
      0.0239216774865725,
      0.0,
      0.0,
      0.012919818501629656,
      0.01968193703157231,
      0.0,
      0.0,
      0.04368642348410206,
      0.0017582464944944096,
      0.023798864499997123,
      0.002554453990996825,
      0.0,
      0.009633497002590266,
      0.0035414661062690756,
      0.0,
      0.017643630437943397,
      0.0,
      0.0027401429754803303,
      0.0,
      0.01621343343917263,
      0.0005697246607052625,
      0.010378264837057482,
      0.0,
      0.0,
      0.0,
      0.024513248040279947,
      0.0,
      0.021242323379236493,
      0.0,
      0.0
    ],
    "low_data": false
  },
  "250000": {
    "median": 0.0009991951136117953,
    "p90": 0.01824853574338601,
    "p10": 0.0,
    "sample": [
      0.00011757972657681848,
      0.00017056017546797594,
      0.0,
      0.00982456872507698,
      0.01693872969310791,
      0.0,
      0.0,
      0.011383396233734928,
      0.0,
      0.0042845233025505065,
      0.0010890065654468937,
      0.022627143648005443,
      0.0,
      0.0,
      0.0,
      0.018373452706003435,
      0.0,
      0.005088770570744845,
      0.008243168159691085,
      0.0,
      0.0,
      0.008867985539464135,
      0.0018939487576202791,
      0.0,
      0.00835836595103336,
      0.0,
      0.002870386217069026,
      0.0037062518329552827,
      0.0013247727579424975,
      0.0152915779530417,
      0.0,
      0.002318915425434025,
      0.0,
      0.0063506955868777165,
      0.006473660656429172,
      0.010426482949557642,
      0.01205855876786966,
      0.003703018545712023,
      0.0,
      0.0,
      0.00241653942751352,
      0.0,
      0.0,
      0.008863969232353507,
      0.0005873819499137736,
      0.0,
      0.0035491930263157325,
      0.005232224876385579,
      0.006557325402222125,
      0.0013748071562426252,
      0.0,
      0.0031357000535920075,
      0.0,
      0.0,
      0.016903956599441158,
      0.0036393972661317815,
      0.0002516987086004568,
      0.007225512730230296,
      0.0,
      0.0,
      0.0009093836617766972,
      0.003913476852396713,
      0.0,
      0.0,
      0.0,
      0.0,
      0.04558139255528871,
      0.03451984411947878,
      0.025521633448168036,
      0.0,
      0.0,
      0.0,
      0.0,
      0.0,
      0.00694784382591516,
      0.004682233520576815,
      0.01286112587783919,
      0.01153202180819046,
      0.0,
      0.008232045879622741,
      0.005099390071991958,
      0.0,
      0.0034999747514057036,
      0.011448422378995711,
      0.03450314417078239,
      0.0,
      0.0008404885657247484,
      0.0,
      0.0,
      0.0,
      0.0,
      0.024235945989039696,
      0.0077903281600128806,
      0.013252445115437909,
      0.014433773715673271,
      0.0,
      0.018123618780768583,
      0.0,
      0.0,
      0.025658503074928125,
      0.02088304987069005,
      0.0,
      0.0,
      0.0072402073926196965,
      0.004514122410663249,
      0.0,
      0.0,
      0.0,
      0.0,
      0.00902601946681344,
      0.0,
      0.008262765702371175,
      0.013768677523931228,
      0.0,
      0.0,
      0.0033705464918078742,
      0.024008021343726225,
      0.0,
      0.0,
      0.013003819382239984,
      0.019755149603796474,
      0.0,
      0.0,
      0.043812397120096644,
      0.0019795885007883106,
      0.024107881550386085,
      0.002735750068584488,
      0.0,
      0.009652769814670293,
      0.0036272092964146625,
      0.0,
      0.017708531609157436,
      0.0,
      0.002805539582643104,
      0.0,
      0.0163590127541467,
      0.0006401794556018187,
      0.010461866907121666,
      0.0,
      0.0,
      0.0,
      0.024737674199386227,
      0.0,
      0.021354321848273565,
      0.0,
      0.0
    ],
    "low_data": false
  },
  "500000": {
    "median": 0.0025077907615455785,
    "p90": 0.019465129064741717,
    "p10": 0.0,