{
  "100000": {
    "median": 0.0008414354495266672,
    "p90": 0.014166265876648985,
    "p10": 0.0,
    "sample": [
      0.0004673132289678061,
      0.0011120606359018204,
      0.01413068746207277,
      0.0,
      0.0,
      0.009265588543716775,
      0.0,
      0.0032717117402312197,
      0.001549813992270005,
      0.01720605564571963,
      0.0,
      0.0,
      0.0,
      0.014175160480293039,
      0.0,
      0.002956412348818354,
      0.0057911825022283455,
      0.0,
      0.0,
      0.007804152389916743,
      0.0008578295176692841,
      0.0,
      0.008121338971861111,
      0.0,
      0.0009624552642772219,
      2.3268522195675056e-05,
      0.00030438485841665844,
      0.01724365616596462,
      0.0,
      0.002325216657741355,
      0.0,
      0.003510500150145873,
      0.003927696824910747,
      0.012306593430702107,
      0.010771844850221066,
      0.0034731571792778874,
      0.0,
      0.0,
      0.0016824981026302961,
      0.0,
      0.0,
      0.006921792051931004,
      0.0,
      0.0,
      0.0038048392908642675,
      0.005324843430615071,
      0.007169387876510852,
      0.001731476108378073,
      0.0,
      0.000514167082926596,
      0.0,
      0.0,
      0.0165885714200536,
      0.001983998469047125,
      0.0,
      0.004111713530203141,
      0.0,
      0.0,
      0.0,
      0.008784713361209416,
      0.0,
      0.0,
      0.0,
      0.0,
      0.024639673537264494,
      0.01866983885347523,
      0.013302380545330252,
      0.0,
      0.0,
      0.0,
      0.0,
      0.0,
      0.005096108246392909,
      0.003018939938830784,
      0.008601523728260932,
      0.007838542488498131,
      0.0,
      0.004732542779821716,
      0.0026336695431308497,
      0.0,
      0.003309873312963247,
      0.007607782070142075,
      0.025311288452211866,
      0.0,
      0.0023579274832493157,
      0.0,
      0.0,
      0.0,
      0.0,
      0.02143491682904881,
      0.0071894785576033,
      0.011242101017521891,
      0.01167302265226361,
      0.0,
      0.015305747678904304,
      0.0,
      0.0,
      0.020311309641510927,
      0.016172101387938415,
      0.0,
      0.0,
      0.005963409755332439,
      0.004246751067032919,
      0.0,
      0.0,
      0.0,
      0.0,
      0.0059259672009006606,
      0.0,
      0.006164137131841434,
      0.00906444925349464,
      0.0,
      0.0,
      0.0026476787986689527,
      0.011869851319649391,
      0.0,
      0.0,
      0.006696031639235493,
      0.010091031140227198,
      0.0,
      0.0,
      0.03098167124203213,
      0.0012941660301644337,
      0.017148822995734246,
      0.0021185718726847895,
      0.0073340711800879595,
      0.0031672878723826826,
      0.0,
      0.011640062135600685,
      0.0,
      0.00200022845463563,
      0.0,
      0.01216406576840746,
      0.0008414354495266672,
      0.008553585526798198,
      0.0,
      0.0,
      0.0,
      0.021462819153437406,
      0.0,
      0.016231113239962527,
      0.0,
      0.0
    ],
    "low_data": false
  },
  "250000": {
    "median": 0.00179316409979735,
    "p90": 0.01620408738600796,
    "p10": 0.0,
    "sample": [
      0.0010659923382963655,
      0.0025367313487159853,
      0.015022290689248806,
      0.0,
      0.0,
      0.0102938548712661,
      0.0,
      0.0038560187597205245,
      0.0032125369383952445,
      0.018141465707310934,
      0.0,
      0.0,
      0.0,
      0.016893644475872233,
      0.0,
      0.0036355227351259813,
      0.006413222787547757,
      0.0,
      0.0,
      0.009325580459760627,
      0.0019415174507886532,
      0.0,
      0.009002319306867478,
      0.0,
      0.001529028544922647,
      0.0007030503006384989,
      0.0010985671173660738,
      0.01891372074582988,
      0.0,
      0.0027740899282794064,
      0.0,
      0.0037657717562724867,
      0.005084739465494279,
      0.015470019608415172,
      0.011364585904647824,
      0.005406535116245144,
      0.0,
      0.0,
      0.00237685919851702,
      0.0,
      0.0,
      0.007406953732735949,
      0.0,
      0.0,
      0.005457714872852364,
      0.006737521185346595,
      0.007871673160116758,
      0.002790575485336085,
      0.0,
      0.0015895105242815033,
      0.0,
      0.0,
      0.01880717415832763,
      0.005767819096245772,
      0.0,
      0.006260068500354338,
      0.0,
      0.0,
      0.002043330139541501,
      0.014710865775897027,
      0.0,
      0.0,
      0.002104291833939866,
      0.0014247698227276462,
      0.027692507893326945,
      0.021284672214059278,
      0.016376080923913808,
      0.0014746153835209072,
      0.0008222508146024585,
      0.0,
      0.0,
      0.0,
      0.006707120059637394,
      0.00396614925412554,
      0.010904730341811848,
      0.01001749550820709,
      0.0,
      0.004896901868660446,
      0.002940808508750849,
      0.0,
      0.0051520066148322136,
      0.009420125368857111,
      0.026685585003026396,
      0.0,
      0.004941994235059302,
      0.0,
      0.0,
      0.0007790148426046576,
      0.0,
      0.02268121375215415,
      0.009423306137886243,
      0.013853067282302858,
      0.013020930441529098,
      0.0,
      0.015516113234384588,
      0.0,
      0.0,
      0.02041411754399153,
      0.016932466787374745,
      0.0,
      0.0,
      0.007052811165945198,
      0.005634339392672867,
      0.0,
      0.0,
      0.0,
      0.0008981214144164022,
      0.007033509447208319,
      0.0,
      0.008086708775816357,
      0.010621853027747366,
      0.00179316409979735,
      0.0,
      0.004173835507693645,
      0.013292459606093151,
      0.0,
      0.0,
      0.008083144243008681,
      0.010917898067376258,
      0.0,
      0.0,
      0.03117644910243369,
      0.0014833626446540047,
      0.017440433938539068,
      0.002611231509727652,
      0.008231781948912227,
      0.004156419550396364,
      0.0,
      0.012961241767223724,
      0.0006693751856551027,
      0.002083112263195839,
      0.0,
      0.012477150038394358,
      0.0014237433220473123,
      0.008814315444422311,
      0.0,
      0.0,
      0.00025184042937567003,
      0.02226962689909526,
      0.0,
      0.016837155575302572,
      0.0,
      0.0
    ],
    "low_data": false
  },
  "500000": {
    "median": 0.003447629556668414,
    "p90": 0.018062042718105215,
    "p10": 0.0,