{
  "100000": {
    "median": 0.0009345395617430808,
    "p90": 0.014092700925218672,
    "p10": 0.0,
    "sample": [
      0.0004673132289678061,
      0.0011120606359018204,
      0.006549653619666449,
      0.0,
      0.0,
      0.012237711771346037,
      0.00525983248675089,
      0.0,
      0.013740850487842664,
      0.0,
      0.0012145123319535613,
      0.010720471836927977,
      0.0009345395617430808,
      0.01170130054916267,
      0.0,
      0.006929166330935499,
      0.0,
      0.0,
      0.010494616466254367,
      0.0,
      0.004976293887872704,
      0.0,
      0.004154159886361146,
      0.011910296202150762,
      0.010744036010770043,
      0.0,
      0.0,
      0.0037615770253122383,
      0.0,
      0.0,
      0.0016207039201619595,
      0.01085013619250098,
      0.00041091579075090646,
      0.011269625218142764,
      0.0,
      0.0,
      0.0,
      0.0010571183231551542,
      0.012629945215158268,
      0.0,
      0.002904547250093244,
      0.011530179765985828,
      0.0,
      0.001550325565965566,
      0.0035466286887388867,
      0.009543113053244035,
      0.022692703756410172,
      0.0,
      0.0,
      0.006961943161983941,
      0.00898598723058988,
      0.008818970621891974,
      0.02343125141251487,
      0.016387242148163873,
      0.0,
      0.0034626933399921687,
      0.01843880623680469,
      0.0036423622495730256,
      0.008588626313013154,
      0.0,
      0.0,
      0.0,
      0.009244485444516809,
      0.01269185560042701,
      0.0,
      0.01619473307495803,
      0.014949342901855192,
      0.013233352825968993,
      0.0,
      0.0,
      0.0,
      0.0,
      0.0,
      0.0023490210555084465,
      0.0,
      0.0,
      0.0,
      0.0,
      0.0,
      0.0018693073511038003,
      0.0,
      0.010441071931814929,
      0.010808388541880947,
      0.01432726788346935,
      0.0,
      0.019027552406105604,
      0.011392029800994848,
      0.01491178569095335,
      0.004334711389681141,
      0.0,
      0.008511224636840925,
      0.0,
      0.0,
      0.0,
      0.0011601585411273535,
      0.01090603158885849,
      0.028435717156742705,
      0.002667316259864253,
      0.0,
      0.0245378803019033,
      0.0,
      0.011040060910650304,
      0.001315067962055796,
      0.0,
      0.00898886448340918,
      0.0,
      0.006507037571712218,
      0.0,
      0.0,
      0.0,
      0.01724053335341658,
      0.010963624436739297,
      0.0,
      0.001371356915487036,
      0.0,
      0.0,
      0.011407380877468735,
      0.0,
      0.0,
      0.0,
      0.0,
      0.0,
      0.0,
      0.0069726298093091875,
      0.0023779482231189295,
      0.0,
      0.0,
      0.0,
      0.0,
      0.01641489440827699,
      0.0,
      0.0,
      0.00916439096563083,
      0.0,
      0.0,
      0.0,
      0.0,
      0.0,
      0.016625816027612976,
      0.025743658487103756,
      0.0,
      0.0,
      0.011225394949636815,
      0.005125407821387229,
      0.0024545506288172017
    ],
    "low_data": false
  },
  "250000": {
    "median": 0.0021200235313395006,
    "p90": 0.01567140275391666,
    "p10": 0.0,
    "sample": [
      0.0010659923382963655,
      0.0025367313487159853,
      0.007441256846842485,
      0.0,
      0.0,
      0.013265978098895364,
      0.005467377874009787,
      0.0,
      0.015403573433967905,
      0.0,
      0.0033092149150589925,
      0.012313188825926424,
      0.0029835813685707225,
      0.014419784544741864,
      0.0,
      0.007608276717243127,
      0.0,
      0.0,
      0.012381646770910448,
      0.0,
      0.006059981820992073,
      0.0,
      0.005035140221367513,
      0.01326576067117757,
      0.011310609291415467,
      0.0,
      0.0006185619510836591,
      0.005431641605177499,
      0.0006813097350172764,
      0.0,
      0.0032220900145786477,
      0.011105407798627594,
      0.0015679584313344382,
      0.01443305139585583,
      0.0,
      0.0002009245774493543,
      0.0,
      0.001523973298204158,
      0.013324306311044991,
      0.0,
      0.003494678897247834,
      0.012015341446790773,
      0.0,
      0.003015314889573738,
      0.005199504270726983,
      0.010955790807975558,
      0.02339498904001608,
      0.0,
      0.0,
      0.008037286603338849,
      0.009358231076669686,
      0.009788692711190804,
      0.0256498541507889,
      0.02017106277536252,
      0.0,
      0.005611048310143366,
      0.020524636094861822,
      0.004593561044542384,
      0.01070830031279556,
      0.0045988992117627255,
      0.0,
      0.0,
      0.012223542212961628,
      0.014784155614366072,
      0.0027926904715743286,
      0.01880956643554208,
      0.018023043280438748,
      0.015629899798427185,
      0.0,
      0.0,
      0.0,
      0.0,
      0.0,
      0.003296230370803202,
      0.0,
      0.0009372766429461585,
      0.0,
      0.0,
      0.0,
      0.0021200235313395006,
      0.0,
      0.012253415230529965,
      0.012182685092695477,
      0.01454879836656119,
      0.0,
      0.01908800264663856,
      0.011851024961031813,
      0.015699071390909643,
      0.005188256199087367,
      0.0,
      0.010745052217123867,
      0.0,
      0.0,
      0.0,
      0.0013705240966076378,
      0.011330132397772457,
      0.028712888825695258,
      0.002770124162344858,
      0.0,
      0.02501319128350756,
      0.0,
      0.012129462321263064,
      0.0027026562876957443,
      0.0,
      0.010547777527135902,
      0.0,
      0.007946201722397057,
      0.0,
      0.0,
      0.0,
      0.018797937127669303,
      0.013273377127412219,
      0.0,
      0.002897513624511729,
      0.0,
      0.0,
      0.012905547343356503,
      0.0,
      0.0,
      0.0,
      0.0,
      0.0,
      0.0,
      0.007264240752114009,
      0.002870607860161792,
      0.0,
      0.0,
      0.0,
      0.0,
      0.01742892564561659,
      0.0,
      0.0,
      0.00947747523561773,
      0.0,
      0.0,
      0.0,
      0.0,
      0.0,
      0.01743262377327083,
      0.026172932763015952,
      0.0,
      0.0,
      0.012564007894769053,
      0.016429558921712085,
      0.005316595942802608
    ],
    "low_data": false
  },
  "500000": {
    "median": 0.0034671453085828043,
    "p90": 0.01886631351558988,
    "p10": 0.0,