{
  "100000": {
    "median": 0.0,
    "p90": 0.013867900923490611,
    "p10": 0.0,
    "sample": [
      2.2918932826920905e-05,
      1.052789615087425e-05,
      0.0,
      0.017691956251528983,
      0.0,
      0.0,
      0.0,
      0.0009832267666673854,
      0.014383573434797667,
      0.0,
      0.0028227808173297564,
      0.01154781105038596,
      0.0,
      0.000468692664055327,
      0.0023416885167684524,
      0.008374937170412535,
      0.02057104122944761,
      0.0,
      0.0,
      0.005858684658212051,
      0.008110664010206091,
      0.006812054252955126,
      0.017556375611673735,
      0.010363229666090873,
      0.0,
      0.0014171639951763165,
      0.01415391392056249,
      0.002356445584122783,
      0.005493405954262826,
      0.0,
      0.0,
      0.0,
      0.008139256304421222,
      0.013200537263656218,
      0.0,
      0.016717478664751987,
      0.016421535187045738,
      0.014196506264153147,
      0.0,
      0.0,
      0.0,
      0.0,
      0.0,
      0.0014913347194484233,
      0.0,
      0.0,
      0.0,
      0.0,
      0.0,
      0.0013461423734000132,
      0.0,
      0.00622005777107516,
      0.007230777405247258,
      0.010661934538025188,
      0.0,
      0.009926055550226298,
      0.005352075309236162,
      0.0070892609637277434,
      0.0019577738559572065,
      0.0,
      0.004176529771277851,
      0.0,
      0.0,
      0.0,
      0.0006444212696623924,
      0.0059129785043099655,
      0.01629227184591645,
      0.00167724376931479,
      0.0,
      0.01440570543159299,
      0.0,
      0.005878628733267073,
      0.00033974001611307447,
      0.0,
      0.004773520304974481,
      0.0,
      0.005722183096336446,
      0.0,
      0.0,
      0.0,
      0.015415066018802676,
      0.00872906043090679,
      0.0,
      0.0004859875324798634,
      0.0,
      0.0,
      0.008856698596602337,
      0.0,
      0.0,
      0.0,
      0.0,
      0.0,
      0.0,
      0.004263504569556152,
      0.0011452500660428292,
      0.0,
      0.0,
      0.0,
      0.0,
      0.008008849030746966,
      0.0,
      0.004154885477023475,
      0.0,
      0.0,
      0.0,
      0.0,
      0.0,
      0.010777866161111493,
      0.0170596286203252,
      0.0,
      0.0,
      0.008848947853646899,
      0.0,
      0.001133814970991228
    ],
    "low_data": false
  },
  "250000": {
    "median": 3.814792864883219e-05,
    "p90": 0.013973319608808245,
    "p10": 0.0,
    "sample": [
      5.228058030668303e-05,
      2.401527699098134e-05,
      0.0,
      0.017739047565317058,
      0.0,
      0.0,
      0.0,
      0.001135721324825692,
      0.01455274563847823,
      0.0,
      0.002967161335790354,
      0.011692705867333982,
      0.0,
      0.0005335098997530024,
      0.0024050182577116056,
      0.008484709084823279,
      0.02065837161388574,
      0.0,
      0.0,
      0.005977201827993818,
      0.008231505491238644,
      0.006987065588772094,
      0.017789889297031045,
      0.010578101846075105,
      0.0,
      0.0016004702834960982,
      0.014406114914985313,
      0.002479334203459574,
      0.005638330134666245,
      0.0,
      0.0,
      0.0,
      0.008241682386480025,
      0.013257369958596665,
      0.0,
      0.01686695628669197,
      0.01657652800021934,
      0.01428015517318463,
      0.0,
      0.0,
      0.0,
      0.0,
      0.0,
      0.0015960733961939144,
      0.0,
      0.0,
      0.0,
      0.0,
      0.0,
      0.0016299269741076696,
      0.0,
      0.0063910315278052155,
      0.007467258027463057,
      0.010905256334926009,
      0.0,
      0.010250466518581712,
      0.005612986801426946,
      0.007206827949948959,
      0.0021473336180957226,
      0.0,
      0.004355502485015235,
      0.0,
      0.0,
      0.0,
      0.000781920002620331,
      0.006015014686996726,
      0.016387291757409696,
      0.0017921218757502154,
      0.0,
      0.01453411010249539,
      0.0,
      0.00605910458561537,
      0.0006162469030749832,
      0.0,
      0.004899701344860244,
      0.0,
      0.0058793976579423375,
      0.0,
      0.0,
      0.0,
      0.015657032923333876,
      0.00896694909128667,
      0.0,
      0.0008653872099561733,
      0.0,
      0.0,
      0.009139691623703518,
      0.0,
      0.0,
      0.0,
      0.0,
      0.0,
      0.0001303134604795273,
      0.004629228392503567,
      0.0012975948843708222,
      0.0,
      0.0,
      0.0,
      0.0,
      0.008252116716299036,
      0.0,
      0.004501942854682199,
      0.0,
      5.86850831916472e-06,
      0.0,
      0.0,
      0.0,
      0.010819056876127211,
      0.01715812014053923,
      0.0,
      0.0,
      0.01059817823792376,
      0.0002126071854280636,
      0.002382270050022004
    ],
    "low_data": false
  },
  "500000": {
    "median": 0.0002827576833388069,
    "p90": 0.014089908182984159,
    "p10": 0.0,
    "sample": [
      9.755901248564954e-05,
      4.481409146696076e-05,
      0.0,
      0.017811666816639427,
      0.0,
      0.0,
      0.0,
      0.001370882329125315,
      0.014813625146557478,
      0.0,
      0.0031898097249036745,
      0.011916147353265138,
      0.0,
      0.000633464196002494,
      0.00250267869662882,
      0.008653987739409265,
      0.02079304331075392,
      0.0,
      0.0,
      0.00615996649192167,
      0.00841785446253222,
      0.007256949589824854,
      0.01814998944374792,
      0.010909455031732301,
      0.0,
      0.0018831458843589612,
      0.014795032656379511,
      0.00266884005526993,
      0.005861816901817557,
      0.0,
      0.0,
      0.0,
      0.00839963307412633,
      0.013345011339250888,
      0.0,
      0.01709746489054153,
      0.016815541549590002,
      0.014409149687441272,
      0.0,
      0.0,
      0.0,
      0.0,
      0.0,
      0.0017575903231580492,
      0.0,
      0.0,
      0.0,
      0.0,
      0.0,
      0.0020675496179131054,
      0.0,
      0.006654689200754965,
      0.00783193347089715,
      0.011280481515537278,
      0.0,
      0.010750738856464591,
      0.0060153369526579365,
      0.007388127341128282,
      0.002439652665920465,
      0.0,
      0.004631495304778814,
      0.0,
      0.0,
      0.0002599560014918711,
      0.0009939560288419864,
      0.0061723641130044995,
      0.016533821430894942,
      0.00196927476046725,
      0.0,
      0.014732122226540004,
      0.0,
      0.006337415387014573,
      0.0010426466252619405,
      0.0,
      0.0050942844199644895,
      0.0,
      0.006121837353130586,
      0.0,
      0.0,
      0.0,
      0.016030168732008167,
      0.00933379586248981,
      0.0,
      0.001450457328285652,
      0.0,
      0.0,
      0.00957609358628253,
      0.0,
      0.0,
      0.0,
      0.0,
      0.0,
      0.0005169753548074892,
      0.005193209052136874,
      0.0015325249757165305,
      0.0,
      0.0,
      0.0,
      0.0,
      0.00862725845210237,
      0.0,
      0.005037138093551602,
      0.0,
      0.00030555936518574265,
      0.0,
      0.0,
      0.0,
      0.010882576847120932,
      0.017310003362394813,
      0.0,
      0.0,
      0.013295656619355133,
      0.0027013653239298862,
      0.00430750563713761
    ],
    "low_data": false
  },
  "1000000": {
    "median": 0.0008423938933591903,
    "p90": 0.014966096729568676,
    "p10": 0.0,