{
  "100000": {
    "median": 5.263948075437125e-06,
    "p90": 0.011380117699227539,
    "p10": 0.0,
    "sample": [
      2.2918932826920905e-05,
      1.052789615087425e-05,
      0.003102682767880991,
      0.019772317246187443,
      0.021206109833432355,
      0.0035886432259836167,
      0.0,
      0.0,
      0.0014766829646620284,
      0.0,
      0.0,
      0.006822375572895291,
      0.0,
      0.0,
      0.0026039978377146544,
      0.004232213710732672,
      0.0061985190203030305,
      0.000989733322173122,
      0.0,
      0.0,
      0.0,
      0.0,
      0.012077650896529079,
      0.0,
      0.0,
      0.0018802223669453753,
      0.0,
      0.0,
      0.0,
      0.0043248647240291685,
      0.0,
      0.0,
      0.0,
      0.0,
      0.026053019991563425,
      0.019620524884842297,
      0.0142823960193468,
      0.0,
      0.0,
      0.0,
      0.0,
      0.0,
      0.0034710365925332528,
      0.0020779844338685936,
      0.005991595548821819,
      0.005495659895819484,
      0.0,
      0.0041978347544413324,
      0.002229697262864008,
      0.0,
      0.0014295518442668516,
      0.004309540358565237,
      0.017727267767176057,
      0.0,
      0.000516477066369246,
      0.0,
      0.0,
      0.0,
      0.0,
      0.010512917588882094,
      0.0033881120627208363,
      0.0058622795078289444,
      0.006584642791303327,
      0.0,
      0.008272797611482249,
      0.0,
      0.0,
      0.012504611255220822,
      0.009651161606671628,
      0.0,
      0.0,
      0.003020000139230919,
      0.0019058042153920645,
      0.0,
      0.0,
      0.0,
      0.0,
      0.005381623084861608,
      0.0,
      0.004782306986390533,
      0.007646474131487136,
      0.0,
      0.0,
      0.0018314777957355731,
      0.011476473267043694,
      0.0,
      0.0,
      0.004655177681600075,
      0.007242634191781409,
      0.0,
      0.0,
      0.01875900780866212,
      0.0008689884965503042,
      0.01026516023419096,
      0.0010117054252351387,
      0.003546592548739348,
      0.0013482933964736332,
      0.0,
      0.005710648164568071,
      0.0,
      0.0,
      0.0054610148921943845,
      0.00029190332416805247,
      0.003954486993099912,
      0.0,
      0.0,
      0.0,
      0.01402723545596381,
      0.0,
      0.012224537623001927,
      0.0,
      0.0
    ],
    "low_data": false
  },
  "250000": {
    "median": 1.200763849549067e-05,
    "p90": 0.011762328099966905,
    "p10": 0.0,
    "sample": [
      5.228058030668303e-05,
      2.401527699098134e-05,
      0.003139795297119791,
      0.019819408559975518,
      0.021283915791650575,
      0.003622874372990628,
      0.0,
      0.0,
      0.0016458551683425906,
      0.0,
      0.0,
      0.006967270389843314,
      0.0,
      0.0,
      0.0026673275786578076,
      0.004341985625143415,
      0.006285849404741161,
      0.0010932626366150623,
      0.0,
      0.0,
      0.0,
      0.0,
      0.01231116458188639,
      0.0,
      0.0,
      0.002063528655265157,
      0.0,
      0.0,
      0.0,
      0.004395523309826134,
      0.0,
      0.0,
      0.0,
      0.0,
      0.02619183198948671,
      0.01977000250678228,
      0.0144373888325204,
      0.0,
      0.0,
      0.0,
      0.0,
      0.0,
      0.0037259790277798634,
      0.002182723110614085,
      0.006127213242071754,
      0.005638026995221534,
      0.0,
      0.00443816835266329,
      0.0023429989415265267,
      0.0,
      0.0015417017573602723,
      0.004480514115295293,
      0.017963748389391854,
      0.0,
      0.000886961683715068,
      0.0,
      0.0,
      0.0,
      0.0,
      0.010717470328890664,
      0.0035670847764582205,
      0.006115246143373539,
      0.006727098717582538,
      0.0,
      0.008410296344440188,
      0.0,
      0.0,
      0.012619489361656248,
      0.00980923397209577,
      0.0,
      0.0,
      0.0032004759915792154,
      0.0021823111023539735,
      0.0,
      0.0,
      0.0,
      0.0,
      0.005557968586319843,
      0.0,
      0.005180166666173276,
      0.007888441036018335,
      0.0,
      0.0,
      0.002210877473211883,
      0.011878423407864257,
      0.0,
      0.0,
      0.004906031794027775,
      0.007469075676317752,
      0.0,
      0.0,
      0.018877752048480665,
      0.00111972664468761,
      0.010630884057138376,
      0.0011640502435631317,
      0.0036720300898784074,
      0.0015271061709407157,
      0.0,
      0.005975804056743852,
      0.0,
      0.0,
      0.005808072269853109,
      0.0004430699163259873,
      0.004148827142896706,
      0.0,
      0.0,
      0.0,
      0.01406842617097953,
      0.0,
      0.012348360451874619,
      0.0,
      0.0
    ],
    "low_data": false
  },
  "500000": {
    "median": 9.253242646261778e-05,
    "p90": 0.012367928094185791,
    "p10": 0.0,
    "sample": [
      9.755901248564954e-05,
      4.481409146696076e-05,
      0.0031970263206612037,
      0.019892027811297886,
      0.021403899924173495,
      0.0036756620331256217,
      0.0,
      0.0,
      0.0019067346764218389,
      0.0,
      0.0,
      0.007190711875774469,
      0.0,
      0.0,
      0.002764988017575022,
      0.004511264279729402,
      0.006420521101609343,
      0.001252914612742264,
      0.0,
      8.750584043958602e-05,
      0.0,
      0.0,
      0.012671264728603264,
      0.0,
      0.0,
      0.00234620425612802,
      0.0,
      0.0,
      0.0,
      0.004504485519357284,
      0.0,
      0.0,
      0.0,
      0.0,
      0.026405893194258286,
      0.02000051111063184,
      0.014676402381891064,
      0.0,
      0.0,
      0.0,
      0.0,
      0.0,
      0.004119124329718749,
      0.0023442400375782192,
      0.006336348527491879,
      0.005857570502078054,
      0.0,
      0.004808785448823183,
      0.0025177208258015797,
      0.0,
      0.0017146475104001006,
      0.004744171788245042,
      0.018328423832825947,
      0.0,
      0.0014582839377338694,
      0.0,
      0.0,
      8.58169535406863e-05,
      0.0,
      0.01103290996394124,
      0.0038430775962217997,
      0.006505344575654699,
      0.0069467792038689765,
      0.0,
      0.008622332370661843,
      0.0,
      0.0,
      0.012796642246373283,
      0.010052996481749194,
      0.0,
      0.0,
      0.0034787867929784192,
      0.0026087108245409305,
      0.0,
      0.0,
      0.0,
      0.0,
      0.00582990999673784,
      0.0,
      0.005793703850699621,
      0.008261576844692625,
      0.0,
      0.0,
      0.002795947591541362,
      0.012498268469454017,
      0.0,
      0.0,
      0.005292872516238654,
      0.007818269821746762,
      0.0,
      0.0,
      0.01906086687584084,
      0.001506388539015572,
      0.011194864716771682,
      0.00139898033490884,
      0.0038654666197283057,
      0.0018028523492510827,
      0.0,
      0.006384699473426776,
      0.0002396774936945827,
      0.0,
      0.0063432675087225126,
      0.0006761830716918863,
      0.004448517999763283,
      0.0,
      0.0,
      0.0,
      0.01413194614197325,
      0.0,
      0.012539306942979528,
      0.0,
      0.0
    ],
    "low_data": false
  },
  "1000000": {
    "median": 0.0010254521634177594,
    "p90": 0.012830792109238388,
    "p10": 0.0,