{
  "100000": {
    "median": 4.870101270575277e-05,
    "p90": 0.015816100133445875,
    "p10": 0.0,
    "sample": [
      1.8446338906850974e-05,
      4.870101270575277e-05,
      0.0,
      0.01750193139823085,
      0.025835669476587695,
      0.0,
      0.014525590484653367,
      0.0,
      0.0,
      0.005318445796215002,
      0.0,
      0.0038152948722769944,
      0.00024204751834540033,
      0.0056189123892633,
      0.0016238749655720162,
      0.0,
      0.00976088617491159,
      0.0018873602086771641,
      0.0,
      0.0,
      0.0,
      0.0,
      0.0,
      0.0,
      0.0,
      0.0038788349280829606,
      0.0,
      0.0,
      0.0033602112566312623,
      0.004471792745069942,
      0.0,
      0.005629851657989963,
      0.0,
      0.00978913594093896,
      0.01632533442421988,
      0.0,
      0.0056444709866934045,
      0.0025344563314406,
      0.013154647843185638,
      0.013535481927318913,
      0.01292419079486981,
      0.003084143358035877,
      0.0,
      0.0,
      0.025624831736833623,
      0.0,
      0.02414135953491849,
      0.0029807083932336456,
      0.0,
      0.0,
      0.015316661290429872,
      0.008388887455987228,
      0.0,
      0.0,
      0.018295615184291313,
      0.007914026204915773,
      0.0,
      0.021990483721027704,
      0.0,
      0.0,
      0.017804337787854424,
      0.0,
      0.019779370886600322,
      0.0,
      0.01008419134773265,
      0.0,
      0.0,
      0.016090552023454704,
      0.0,
      0.006827787739150818,
      0.0,
      0.005080209766272989,
      0.015921723306434717,
      0.014249210431165187,
      0.0,
      0.0,
      0.0040511598988157965,
      0.0,
      0.0,
      0.0011394288462671701,
      0.013971585286661132,
      4.491134378614963e-05,
      0.011245732116510546,
      0.0,
      0.0,
      0.0,
      0.0011943355948753256,
      0.00871788907087378,
      0.0,
      0.0023578720426662442,
      0.008511868789739259,
      0.0,
      0.0005789392535339684,
      0.0019438995479764745,
      0.006076538617650123,
      0.01539360744149048,
      0.0,
      0.0,
      0.00443752986783827,
      0.005861388980124359,
      0.0053635358768319525,
      0.01396029769711506,
      0.008575353518989227,
      0.0,
      0.0016625125059904228,
      0.02464472285123578,
      0.004305571716232106,
      0.01017530573594345,
      0.0,
      0.0,
      0.0,
      0.011732574904063946,
      0.01940742766092324,
      0.0,
      0.02308405376297347,
      0.021625865614217078,
      0.019992775684277746,
      0.0,
      0.0,
      0.0,
      0.0,
      0.0,
      0.0025194296128977054,
      0.0,
      0.0,
      0.0,
      0.0,
      0.0,
      0.0020374288523815984,
      0.0,
      0.009087475361227957,
      0.009775928371815068,
      0.013971054562811816,
      0.0,
      0.014035240681471323,
      0.008689005624166213,
      0.010816842103650604,
      0.003459769695964206,
      0.0,
      0.006657575736478392,
      0.0,
      0.0,
      0.0,
      0.0007854161819746456,
      0.009770984255805805,
      0.026507446798202768,
      0.002529888830466506,
      0.0,
      0.02262530927191477,
      0.0,
      0.010057990011182611,
      0.0011885297143079392,
      0.0,
      0.008462852831120943,
      0.0,
      0.009637373856303932,
      0.0,
      0.0,
      0.0,
      0.023515764521364363,
      0.013748159330154205,
      0.0,
      0.0009222818023957984,
      0.0,
      0.0,
      0.012101740861666424,
      0.0,
      0.0,
      0.0,
      0.0,
      0.0,
      0.0005937757503237509,
      0.005792667751453819,
      0.0019832659175837773,
      0.0,
      0.0,
      0.0,
      0.0,
      0.014421892072763332,
      0.0,
      0.007758266573756018,
      0.0,
      0.0,
      0.0,
      0.0,
      0.0,
      0.014364333171562382,
      0.023468610846792772,
      0.0,
      0.0,
      0.010866917552920434,
      0.0,
      0.0008367364661435034
    ],
    "low_data": false
  },
  "250000": {
    "median": 0.0009108504250861635,
    "p90": 0.016355479722977795,
    "p10": 0.0,