{
  "100000": {
    "median": 0.0009601188976931914,
    "p90": 0.015093533382880187,
    "p10": 0.0,
    "sample": [
      1.8446338906850974e-05,
      4.87010092956857e-05,
      0.0,
      0.0,
      0.011469342726602614,
      0.015224538185683041,
      0.0,
      0.03156112401515656,
      0.0007660387232816884,
      0.0,
      0.0,
      0.026977707288374675,
      0.003822387233360374,
      0.011292838126061302,
      0.00857139758719941,
      0.014902808256655974,
      0.004705012485271523,
      0.0,
      0.02030549598597981,
      0.008872352404791655,
      0.006895104758204166,
      0.0,
      0.0,
      0.003407397287631144,
      0.0,
      0.005248136228026092,
      0.0,
      0.003303322816611277,
      0.01205617509434482,
      0.0,
      0.0,
      0.0,
      0.0049778787967002915,
      0.0014358302544033414,
      0.0017941416358546907,
      0.001947674918639137,
      0.0,
      0.003390884371967587,
      0.00930366453831569,
      0.0,
      0.0014852775215015621,
      0.0,
      0.008467705325781304,
      0.0,
      0.010249286514666665,
      0.005188092847415921,
      0.0,
      0.006649862044453815,
      0.028512735794855637,
      0.0,
      0.009935853443730755,
      0.018991744179759545,
      0.0,
      0.0,
      0.013606430171948328,
      0.0,
      0.0044876464849246496,
      0.0005454921033003143,
      0.02803859910143507,
      0.0,
      0.0,
      0.0,
      0.024801382224776427,
      0.0,
      0.004287178514253206,
      0.008473240029373809,
      0.0,
      0.0,
      0.012018815827210125,
      0.0003762238015003357,
      0.0,
      0.010442992992527675,
      0.0,
      0.00100879590195799,
      0.0,
      1.2593391920747788e-05,
      0.02340934022621723,
      0.0,
      0.002853301210231052,
      0.0,
      0.004697651372791221,
      0.004553171464638078,
      0.01252896029373638,
      0.013752512947700087,
      0.003010992480617482,
      0.0,
      0.0,
      0.0012681695681345492,
      0.0,
      0.0,
      0.005207347316351242,
      0.0,
      0.0,
      0.0021373930007403444,
      0.0031544635377223733,
      0.0048902243982659145,
      0.0009601188976931914,
      0.0,
      3.9080791903892543e-05,
      0.0,
      0.0,
      0.009726389071402828,
      0.0,
      0.0,
      0.0021283425843027157,
      0.0,
      0.0,
      0.0,
      0.005775714454825083,
      0.0,
      0.0,
      0.0,
      0.0,
      0.035495173845388354,
      0.027022176002325485,
      0.018844475076255182,
      0.0,
      0.0,
      0.0,
      0.0,
      0.0,
      0.005595419298255277,
      0.003404778860079648,
      0.009831783828039231,
      0.008544885247226519,
      0.0,
      0.004817105883160635,
      0.0027878255527267926,
      0.0,
      0.0019702747833609167,
      0.006355219391125174,
      0.023814621368096093,
      0.0,
      0.0006740941165341467,
      0.0,
      0.0,
      0.0,
      0.0,
      0.016565466066116166,
      0.005433273065362485,
      0.009243219935101972,
      0.01008018169470085,
      0.0,
      0.011363836029509007,
      0.0,
      0.0,
      0.01912465382556846,
      0.015093533382880187,
      0.0,
      0.0,
      0.0051970574278395135,
      0.004010441619060254,
      0.0,
      0.0,
      0.0,
      0.0,
      0.00866490340423684,
      0.0,
      0.007105978035677415,
      0.011793703891136462,
      0.0,
      0.0,
      0.003121917946805828,
      0.019923303915938946,
      0.0,
      0.0,
      0.008222241138481936,
      0.01036544199096702,
      0.0,
      0.0,
      0.02302019807423464,
      0.0018256112601431433,
      0.013186857327667643,
      0.0018197083406410477,
      0.005211424539989382,
      0.002096316118330787,
      0.0,
      0.008249198281405419,
      0.0,
      0.0,
      0.010095602436336233,
      0.00111119765706251,
      0.007469714053531762,
      0.0,
      0.0,
      0.0,
      0.018471847745368652,
      0.0,
      0.01682413212676187,
      0.0,
      0.005854864255938671
    ],
    "low_data": false
  },
  "250000": {
    "median": 0.0013990800241967484,
    "p90": 0.015778934965076177,
    "p10": 0.0,