{
  "100000": {
    "median": 0.00015948073732785213,
    "p90": 0.014369741595651669,
    "p10": 0.0,
    "sample": [
      1.8446338906850974e-05,
      4.87010092956857e-05,
      0.005164232169198116,
      0.02057544134915904,
      0.0,
      0.0,
      0.0,
      0.0,
      0.008577548449365925,
      0.0,
      0.0,
      0.0,
      0.0,
      0.008013479656506088,
      0.004285671359677763,
      0.0030691296004666524,
      0.0,
      0.0,
      0.003151245826685525,
      0.0018441199041515275,
      0.004317018087979848,
      0.001827694144295652,
      0.0,
      0.005199543637147766,
      0.0,
      0.00780049638606587,
      0.006571909385198724,
      0.012133709143505518,
      0.00015948073732785213,
      0.007396495496645987,
      0.0,
      0.012476190270081008,
      0.00863725649358806,
      0.0046905433339970775,
      0.0,
      0.0,
      0.004382759220284686,
      0.0,
      0.0,
      0.0,
      0.023887165817088152,
      0.0,
      0.0,
      0.0095456865354507,
      0.00869696468976816,
      0.01734131685939487,
      0.0,
      0.0,
      0.0162496612251623,
      0.0,
      0.011310596559619822,
      0.0,
      0.0,
      0.0,
      0.0,
      0.0,
      0.0021533861734255922,
      0.0,
      0.0,
      0.0,
      0.016821333953830977,
      0.0,
      0.007917713581101127,
      0.00019544174861715647,
      0.0,
      0.029205258711069947,
      0.0,
      0.004146159913638414,
      0.0,
      0.015237726906045763,
      0.0,
      0.017730663192514085,
      0.008490339824126933,
      0.0,
      0.002512791743315121,
      0.0,
      0.013640281941284882,
      0.0,
      0.0,
      0.004342146535436268,
      0.0,
      0.0,
      0.0,
      0.0005742732576654304,
      0.016416187938132158,
      0.00041886654002217666,
      0.009445501078076676,
      0.0,
      0.01368731597735419,
      0.0,
      0.006896697591247352,
      0.0090300951711,
      0.006996298266826363,
      0.0,
      0.0,
      0.004879178003356356,
      0.0,
      0.004725692002261083,
      0.0,
      0.0,
      0.006532584790903876,
      0.01956847077666195,
      0.0,
      0.001360016192338851,
      0.00023404507288358778,
      0.004172913634040203,
      0.0,
      0.0,
      0.023125066068547376,
      0.012954950481656914,
      0.019395761504037445,
      0.014619994679418965,
      0.0,
      0.0,
      0.0,
      0.0034604425264545876,
      0.0,
      0.0,
      0.016931998580439596,
      0.0,
      0.0,
      0.010038429304527169,
      0.01241002551838824,
      0.0,
      0.0,
      0.0,
      0.009429003924124319,
      0.004186022720840938,
      0.000601275918407357,
      0.0,
      0.0,
      0.007859802280473855,
      0.0014479319955589664,
      0.0029084039724358583,
      0.003939313444836806,
      0.018793426506504292,
      0.0,
      0.0,
      0.0,
      0.0,
      0.0,
      0.014456976197530747,
      0.008091429115336963,
      0.0,
      0.001651208358361085,
      0.0,
      0.005557489852559989,
      0.0,
      0.0,
      0.008015891479321038,
      0.0,
      0.0,
      0.003370948102686238,
      0.0,
      0.0030629557977932672,
      0.0,
      0.0,
      0.0,
      0.014238889692833054,
      0.0020325363878690716,
      0.014205298635311813,
      0.009954430651840273,
      0.0005350013919245,
      0.00903127838288597,
      0.004368085294229298,
      0.03330015088363679,
      0.013291249033348286,
      0.0,
      0.0,
      0.018504187900951576,
      0.011181622707665796,
      0.0006333197240092046,
      0.0,
      0.0,
      0.0,
      0.017066891752400025,
      0.0,
      0.00328530157002427,
      0.0,
      0.0,
      0.013249495114422739,
      0.010680768015985342,
      0.0,
      0.0,
      0.0,
      0.0,
      0.0,
      0.00289921417392963,
      0.012997488204371641,
      0.0,
      0.0,
      0.004209262750859754,
      0.01416653483779089,
      0.013352649541288147,
      0.01854525229657673
    ],
    "low_data": false
  },
  "250000": {
    "median": 0.0006128451844769156,
    "p90": 0.015168411344215177,
    "p10": 0.0,