{
  "100000": {
    "median": 0.0,
    "p90": 0.011889696628154412,
    "p10": 0.0,
    "sample": [
      5.431920107079363e-05,
      6.167504918708187e-05,
      0.0,
      0.0,
      0.0037710733072229673,
      0.0,
      0.00932305492153266,
      0.004029418799379357,
      0.0,
      0.0,
      0.0,
      0.02639503972925972,
      0.0,
      0.0,
      0.0,
      0.0,
      0.018469316721886446,
      0.0,
      0.009717019295486126,
      0.01930085944108199,
      0.0,
      0.0,
      0.0,
      0.0,
      0.008892707868790426,
      0.0,
      0.0,
      0.0,
      0.0,
      0.007916912978164192,
      0.003649762609112971,
      0.002216742676213802,
      0.0,
      0.0,
      0.0031221897619121476,
      0.0017546876342976329,
      0.005416212390627114,
      0.002459963569413059,
      0.0,
      0.007716697593838415,
      0.0,
      0.012505689929438558,
      0.01155398326399538,
      0.022495622269606247,
      0.0,
      0.011790447669248581,
      0.0,
      0.023572506870476004,
      0.013949651212435335,
      0.008455561724369502,
      0.0,
      0.0,
      0.0058988615546263935,
      0.0,
      0.0,
      0.0,
      0.022864666806086596,
      0.0,
      0.0,
      0.00857928832997283,
      0.007360615631521652,
      0.014547448861720111,
      0.0,
      0.0,
      0.01054194232786963,
      0.0,
      0.008003750102885893,
      0.0,
      0.0,
      0.0,
      0.0,
      0.0,
      0.0021480840852228776,
      0.0,
      0.0,
      0.0,
      0.016738085176401327,
      0.0,
      0.00764307984186869,
      6.776118396271926e-05,
      0.0,
      0.03137109612012106,
      0.0,
      0.003993997231727515,
      0.0,
      0.014002373738112285,
      0.0,
      0.01359654405811084,
      0.005938774069576638,
      0.0,
      0.0017421403262112118,
      0.0,
      0.010732990699602403,
      0.0,
      0.0,
      0.002937946095768659,
      0.0,
      0.0,
      0.0,
      0.00029804251534959453,
      0.011987425158478867,
      0.0003785643598589678,
      0.007761723807771288,
      0.0,
      0.010585958277620797,
      0.00024083037753490626,
      0.0050189535782938,
      0.006911422289573758,
      0.005522503239570572,
      0.0,
      0.0,
      0.003689069843036877,
      0.0,
      0.00411509324876439,
      0.0,
      0.0,
      0.007792827666647907,
      0.024609906068892216,
      0.0,
      0.0014311910974712425,
      3.6673638183478156e-05,
      0.0033230400479194945,
      0.0,
      0.0,
      0.0183940468705585,
      0.010395810237868178,
      0.0160128200030748,
      0.011889696628154412,
      0.0,
      0.0,
      0.0,
      0.0027095187366189912,
      0.0,
      0.0,
      0.011873918328806686,
      0.0,
      0.0,
      0.0049724637199340255,
      0.007548584941417766,
      0.0,
      0.0,
      0.0,
      0.007564629867248875,
      0.003339920978983243,
      0.0005117691108667145,
      0.0,
      0.0,
      0.005739206734871324,
      0.0012789903279211128,
      0.0025923214909073468,
      0.003152939250368248,
      0.014657970294625268,
      0.0,
      0.0,
      0.0,
      0.0,
      0.0,
      0.010726513284255522,
      0.0049243960078855726,
      0.0,
      0.0012408617069851993,
      9.99800853962601e-05,
      0.0034091850989573184,
      0.0,
      0.0,
      0.0046791783874576935,
      0.0,
      0.0,
      0.0017152681365169447,
      0.0,
      0.0015138758172487828,
      0.0,
      0.0,
      0.0,
      0.0081951159322921,
      0.0012475434006877935,
      0.009041894920549748,
      0.006176728695597893,
      0.0004867152890693967,
      0.00508542631599767,
      0.0,
      0.03078448155278617,
      0.009729819018568247,
      0.0,
      0.0,
      0.014562393612018151,
      0.008449554104426759,
      0.0,
      0.0,
      0.0,
      0.0,
      0.0120651625141868,
      0.0,
      0.002669990021214801,
      0.0,
      0.0,
      0.006328220647693764,
      0.005557724040680832,
      0.0,
      0.0,
      0.0,
      0.0,
      0.0,
      0.0013884243291249947,
      0.004915606799562942,
      0.0,
      0.0,
      0.002177127175027985,
      0.006139352711636925,
      0.005447172244813138,
      0.005590990749094897
    ],
    "low_data": false
  },
  "250000": {
    "median": 0.00014068749999373553,
    "p90": 0.012246825265092985,
    "p10": 0.0,