{
  "100000": {
    "median": 0.00013521256047483658,
    "p90": 0.015520359369448532,
    "p10": 0.0,
    "sample": [
      8.439487318966808e-05,
      0.01655788373133447,
      0.00025022268375256735,
      0.0008786561981674378,
      0.007752989977760531,
      0.0,
      0.0,
      0.003706914871038689,
      0.0,
      0.008589546203493635,
      0.00367210839884358,
      0.0,
      0.0,
      0.0,
      0.021988338202289053,
      0.0,
      0.0,
      0.0,
      0.0,
      0.018667677679889683,
      0.0,
      0.009686836959081855,
      0.019296927614881585,
      0.0,
      0.0,
      0.0,
      0.0,
      0.012985106843624602,
      0.0,
      0.0,
      0.0,
      0.0,
      0.012105131748949182,
      0.006250827995991937,
      0.00408771003214485,
      0.0,
      0.0,
      0.004901298386306966,
      0.003042975140993403,
      0.007093083755217387,
      0.003989950356061477,
      0.0,
      0.00918274594495545,
      0.0,
      0.01314441357784425,
      0.01291622850401533,
      0.023518237955529944,
      0.0,
      0.013035578874611839,
      0.0,
      0.03487371388929442,
      0.02146467223445434,
      0.012904468065578543,
      0.0,
      0.0,
      0.01018843205062316,
      0.0,
      0.0,
      0.0,
      0.04364492709159861,
      0.0,
      0.0,
      0.016971430986958146,
      0.01399501803106315,
      0.028819738797207138,
      0.0,
      0.0,
      0.023704499518819786,
      0.0,
      0.01693447841892356,
      0.0,
      0.0,
      0.0,
      0.0,
      0.0,
      0.00227079668346562,
      0.0,
      0.0,
      0.0,
      0.012088754668892218,
      0.0,
      0.00587594166887856,
      0.0004970162871427797,
      0.0,
      0.026641826478015607,
      0.0,
      0.003533798220634192,
      0.0,
      0.012780654127645162,
      0.0,
      0.01694352161762796,
      0.0076361715879318575,
      0.0,
      0.0023353402584384655,
      0.0,
      0.014900714704153144,
      0.0,
      0.0,
      0.005694594255237406,
      0.0,
      0.0,
      0.0,
      0.0007543131856106172,
      0.025139162186678003,
      0.0006851111741682106,
      0.022640138013620886,
      0.0,
      0.032985605586204475,
      0.0,
      0.01586435679711694,
      0.02209244201775404,
      0.015420660348144844,
      0.0,
      0.0,
      0.011251034858780611,
      0.0,
      0.009846335431375974,
      0.0,
      0.0,
      0.014216222109326947,
      0.037191329284140824,
      0.0,
      0.0024950315927911738,
      0.00018603024776000506,
      0.0034945414877880186,
      0.0,
      0.0,
      0.012017702166693248,
      0.007001222053193516,
      0.013434292975510189,
      0.010925767317257914,
      0.0,
      0.0,
      0.0,
      0.002737570570840907,
      0.0,
      0.0,
      0.012407523251682684,
      0.0,
      0.0,
      0.008387283706150935,
      0.009880429844867832,
      0.0,
      0.0,
      0.0,
      0.007629228042753762,
      0.003491090924175629,
      0.0006197437230624258,
      0.0,
      0.0,
      0.004194570264960727,
      0.001025488148491583,
      0.002213218647855628,
      0.0026790604971406017,
      0.01045161124863633,
      0.0,
      0.0,
      0.0,
      0.0,
      0.0,
      0.006454093505134009,
      0.004067993274000666,
      0.0,
      0.001763919674751226,
      0.0017953908225858324,
      0.0034373790463765146,
      0.0,
      0.0,
      0.003439632809657695,
      0.0,
      0.0,
      0.002719039926476406,
      0.0,
      0.0018476117366853853,
      0.0,
      0.0,
      0.0,
      0.00943069977936324,
      0.0015698236227639421,
      0.009009266533895475,
      0.00632043194557338,
      0.0013934729394274915,
      0.005824055672060452,
      0.0,
      0.02683832689302757,
      0.010288400121496458,
      0.0,
      0.0,
      0.015157396669094263,
      0.008415679015857247,
      0.000550481675553434,
      0.0,
      0.0,
      0.0,
      0.0006103623866281821,
      0.01114574688663352,
      0.0,
      0.0035412793666159707,
      0.0,
      0.0047094344336379,
      0.0,
      0.008821270150823748,
      0.008317571052854064,
      0.0,
      0.0,
      0.0,
      0.0,
      0.0,
      0.0026398781497479528,
      0.00993972809441736,
      0.0,
      0.0,
      0.004115078889692319,
      0.013667601266238352,
      0.012955654542576203,
      0.01562005839075222
    ],
    "low_data": false
  },
  "250000": {
    "median": 0.0005545364199135692,
    "p90": 0.016397601307798736,
    "p10": 0.0,