{
  "100000": {
    "median": 0.0007581148157024319,
    "p90": 0.01653047408705079,
    "p10": 0.0,
    "sample": [
      8.439487318966808e-05,
      0.01655788373133447,
      0.00024274691902453384,
      0.03616118049373358,
      0.004824833335129786,
      0.0009188478043995397,
      0.009659851628559797,
      0.010349986732771141,
      0.0,
      0.0010204157893928308,
      0.03368781269648186,
      0.0,
      0.003518975784280948,
      0.0,
      0.0,
      0.02308077594938837,
      0.0007182836613232571,
      0.0,
      0.009765893950244004,
      0.0,
      0.0,
      0.0,
      0.016466518250388865,
      0.02801698983457636,
      0.0,
      0.01641463664691504,
      0.0,
      0.0,
      0.008887606504497962,
      0.0,
      0.006323546982535996,
      0.00011184404856457396,
      0.008538977961970014,
      0.0025658655716558273,
      0.0,
      0.015358204734746068,
      0.0027676532350613637,
      0.0,
      0.0,
      0.0,
      0.0,
      0.0,
      0.0,
      0.0,
      0.006312876720944311,
      0.0,
      0.0,
      0.005324770332861792,
      0.007915174776996211,
      0.0,
      0.015697282669960313,
      0.0,
      0.02680828161214672,
      0.046024363564053865,
      0.0,
      0.012825132283686477,
      0.005530490591594876,
      0.026761128301860115,
      0.027092367987939615,
      0.023595724203189113,
      0.00578724484591069,
      0.0,
      0.0,
      0.0412148332524963,
      0.000392337755708885,
      0.03721789633413659,
      0.004039932885954718,
      0.0,
      0.0,
      0.022524923554071666,
      0.007272259731771336,
      0.0,
      0.0,
      0.014844895519100667,
      0.006737805265617283,
      0.0,
      0.015544989171657786,
      0.0,
      0.0007979459700816065,
      0.01275464347155417,
      0.0,
      0.014660083140856024,
      0.0,
      0.008190527750551265,
      0.0,
      0.0,
      0.013232362759302726,
      0.0,
      0.005902290699955433,
      0.0,
      0.00499177699356981,
      0.014929626912965125,
      0.013233422118579915,
      0.0,
      0.0,
      0.004187727058027753,
      0.0,
      0.0,
      0.0012888217819387506,
      0.020009426214282363,
      0.0,
      0.017424062708596543,
      0.0,
      0.0,
      0.0,
      0.0018070510501928677,
      0.021636766775471633,
      0.0,
      0.0050026497936220965,
      0.019757961650941146,
      0.0,
      0.0009116756937176215,
      0.004473128409033976,
      0.015247410823707615,
      0.035921647401521914,
      0.0,
      0.0,
      0.008684265644889761,
      0.011908925858220615,
      0.011891068791067787,
      0.026442796717338873,
      0.016896740466076025,
      0.0,
      0.0026170307443753567,
      0.01637606900874698,
      0.0032256162239362334,
      0.00684192343751233,
      0.0,
      0.0,
      0.0,
      0.008799237204306646,
      0.013948326605294702,
      0.0,
      0.016857084159378987,
      0.016119179669581384,
      0.01473281135062675,
      0.0,
      0.0,
      0.0,
      0.0,
      0.0,
      0.0036296796666230808,
      0.0,
      0.0,
      0.0,
      0.0,
      0.0,
      0.001766392970532106,
      0.0,
      0.0053846221674897846,
      0.0051084210644945375,
      0.006977335367702447,
      0.0,
      0.007774837675659316,
      0.005754237472680292,
      0.00677793196425113,
      0.002251743564062704,
      0.0,
      0.003996201478417911,
      0.0,
      0.0,
      0.0005322583315930555,
      0.0005368872143440154,
      0.005104076172893145,
      0.012437396133268564,
      0.002217757447620324,
      0.0,
      0.00989708594669593,
      0.0,
      0.005049142345898842,
      0.0008167552691185243,
      0.0,
      0.005166193886252117,
      0.0,
      0.0062532313001567655,
      0.0,
      0.0,
      0.0,
      0.014604255797079253,
      0.00873793259940594,
      0.0,
      0.0016179182743208708,
      0.0,
      0.0,
      0.010282593192418137,
      0.0,
      0.0,
      0.0,
      0.0,
      0.0,
      0.0005256552071951767,
      0.004040615900884889,
      0.0023171380393880547,
      0.006591106515250561,
      0.0,
      0.0,
      0.0005122532169392986,
      0.0,
      0.009232946676873997,
      0.0,
      0.0,
      0.004997263001846493,
      0.0,
      0.0006606801588488028,
      0.0,
      0.0,
      0.0,
      0.011430744603099351,
      0.017060347581655897,
      0.0,
      0.0,
      0.016382536972425123,
      0.0015307708414365006,
      0.0009594405173602965
    ],
    "low_data": false
  },
  "250000": {
    "median": 0.0016175639452085605,
    "p90": 0.017899540970940504,
    "p10": 0.0,