{
  "100000": {
    "median": 0.0014695339932199426,
    "p90": 0.01697178842179343,
    "p10": 0.0,
    "sample": [
      8.439487318966808e-05,
      0.01655788373133447,
      0.00025019726691072726,
      0.0,
      0.007573956411374657,
      0.03162665983378233,
      0.008403714376338833,
      0.025160832345541694,
      0.0,
      0.0,
      0.036848606826816045,
      0.0,
      0.0,
      0.004990199591391618,
      0.0,
      0.0,
      0.013420753947159476,
      0.01681710088568346,
      0.0,
      0.024922884097964643,
      0.006568919850418944,
      0.0,
      0.0,
      0.012507019575093663,
      0.019128480603668133,
      0.0,
      0.04390922838134244,
      0.0012937388412939317,
      0.0,
      0.00015100783662071063,
      0.03787923454467376,
      0.005299594742035248,
      0.01698897592580565,
      0.012183941197966997,
      0.020570759064214777,
      0.00801621807171125,
      0.0,
      0.030202306784900396,
      0.013893818653520332,
      0.011139288431785,
      0.0,
      0.0,
      0.0059549420041217025,
      0.0,
      0.008698204407163141,
      0.0,
      0.006933992563660848,
      0.02087225538752727,
      0.0,
      0.0,
      0.0,
      0.01231368414946201,
      0.004028904509707517,
      0.005771620408417719,
      0.005962868134407483,
      0.0,
      0.007324536674446049,
      0.019217271508017112,
      0.0,
      0.0026761030117557847,
      0.0,
      0.01458872294852154,
      0.0,
      0.016491132568074315,
      0.009220783323680263,
      0.0,
      0.009565404456351592,
      0.04255397656496601,
      0.0,
      0.015016033048541733,
      0.015256466578194593,
      0.0,
      0.0,
      0.011255202804099735,
      0.0,
      0.0041719278223870775,
      0.0007320280449109807,
      0.020299729840851908,
      0.0,
      0.0,
      0.0,
      0.018379129892270935,
      0.0,
      0.0032928359658787273,
      0.0077996079797173455,
      0.0,
      0.0,
      0.010445080584087092,
      0.0006256530739877685,
      0.0,
      0.010058363418165933,
      0.0,
      0.001135955215794118,
      0.0,
      0.0,
      0.02581472750503846,
      0.0,
      0.0036125590980725913,
      0.0,
      0.006255488746523964,
      0.006031578631724336,
      0.01942080475252059,
      0.020994742489136093,
      0.004655467648927531,
      0.0,
      0.0,
      0.0022816053787788463,
      0.0,
      0.0,
      0.011791932501608001,
      0.0,
      0.0,
      0.004907884611116961,
      0.008304984387605518,
      0.011276953652606881,
      0.002592291160678565,
      0.0,
      0.0,
      0.0,
      0.0,
      0.01832815686888246,
      0.0,
      0.0,
      0.003409791661054132,
      0.0,
      0.0,
      0.0,
      0.0032985903945840327,
      0.0,
      0.0,
      0.0,
      0.0,
      0.02627224822442459,
      0.019734098360275208,
      0.014070260646329165,
      0.0,
      0.0,
      0.0,
      0.0,
      0.0,
      0.005394176761921707,
      0.004189210863480415,
      0.006759570892583085,
      0.005951129247068919,
      0.0,
      0.003990937377112306,
      0.0023862721807432928,
      0.0,
      0.002049626895318679,
      0.0038195303033633707,
      0.01180384203758995,
      0.0,
      0.0011724258290223403,
      0.0,
      0.00017364394410186355,
      0.001640042719109357,
      0.0,
      0.009005295642885557,
      0.003424753295731773,
      0.006034432542584499,
      0.004628463206587072,
      0.0,
      0.005468181884709102,
      0.0,
      0.0,
      0.008902698318830176,
      0.006412195079058121,
      0.0,
      0.0,
      0.0028191017651186382,
      0.002233823673561326,
      0.0,
      0.0,
      0.0,
      0.0,
      0.005687964260260294,
      0.0,
      0.005002060934826405,
      0.00749217732923967,
      0.0,
      0.0,
      0.002892700209391863,
      0.012256701702863904,
      0.0,
      0.0,
      0.006394805280173057,
      0.00854107963569223,
      0.0,
      0.0,
      0.017366055593004397,
      0.001299025267330528,
      0.008775847701698208,
      0.0022133517376109104,
      0.0,
      0.004543536450724571,
      0.0022061127396809524,
      0.0,
      0.00681336061454243,
      0.001020776471432019,
      0.0021139340973233113,
      0.0,
      0.006624947768902728,
      0.0007195208241152821,
      0.006123631540838866,
      0.0,
      0.0,
      7.052683843663198e-05,
      0.01451981469936537,
      0.0,
      0.012753550623832655,
      0.0,
      0.0017162122498883747
    ],
    "low_data": false
  },
  "250000": {
    "median": 0.002707933814980998,
    "p90": 0.01817476109027037,
    "p10": 0.0,