{
  "100000": {
    "median": 1.6723414488897576e-05,
    "p90": 0.011439127598464823,
    "p10": 0.0,
    "sample": [
      2.2918932826920905e-05,
      1.052789615087425e-05,
      0.0,
      0.0,
      0.0002468685792980324,
      0.022143971007345192,
      0.0005271240912073306,
      0.01615708128475145,
      0.0,
      0.02052093192833757,
      0.0,
      0.009238131011977993,
      0.013218007655828992,
      0.009358083899117771,
      0.0,
      0.0,
      0.006183403456535124,
      0.0,
      0.006611356370979014,
      0.0,
      0.0,
      0.008330131064415595,
      0.02481341377048702,
      0.0,
      0.001161211120585519,
      0.0,
      0.002507636625682885,
      0.0,
      0.0,
      0.017668033904275484,
      0.009673656801163895,
      0.014795491666435002,
      0.010218958989078998,
      0.0,
      0.0,
      0.0,
      0.0024506930868459925,
      0.0,
      0.0,
      0.01163951575941555,
      0.0,
      0.0,
      0.006382302051719784,
      0.008045036867916997,
      0.0,
      0.0,
      0.0,
      0.008283868081279254,
      0.0034844703689501755,
      0.0003921844964587274,
      0.0,
      0.0,
      0.0057981227375134906,
      0.0010753298421857455,
      0.002066262715967704,
      0.002712560729159976,
      0.011558341883323626,
      0.0,
      0.0,
      0.0,
      0.0,
      0.0,
      0.009486470585970791,
      0.005064095974797261,
      0.0,
      0.0010019964555773285,
      0.0,
      0.003652622684086186,
      0.0,
      0.0,
      0.004456869278124519,
      0.0,
      0.0,
      0.0017291504772176843,
      0.0,
      0.001388007998687782,
      0.0,
      0.0,
      0.0,
      0.009554215048095813,
      0.0011774300727091492,
      0.009018338040570327,
      0.005823705929703177,
      0.00024909288844383,
      0.00478667713927853,
      0.0,
      0.024615923146450443,
      0.008298297881723498,
      0.0,
      0.0,
      0.01421496492696899,
      0.008759309934337822,
      0.0,
      0.0,
      0.0,
      0.0,
      0.012367790591880173,
      0.0,
      0.002238609640998867,
      0.0,
      0.0,
      0.007223445386284135,
      0.006032039938700835,
      0.0,
      0.0,
      0.0,
      0.0,
      0.0,
      0.001839566471543915,
      0.009356990719294647,
      0.0,
      0.0,
      0.0028774848789206507,
      0.010056061970546691,
      0.00934218802805747,
      0.011319913313606019
    ],
    "low_data": false
  },
  "250000": {
    "median": 0.00025258841151659856,
    "p90": 0.011682611626068512,
    "p10": 0.0,
    "sample": [
      5.228058030668303e-05,
      2.401527699098134e-05,
      0.0,
      0.0,
      0.0003246745375162502,
      0.022178202154352206,
      0.0006698830181155308,
      0.016309575842909756,
      0.0,
      0.020682507350003956,
      0.0,
      0.009383025828926016,
      0.013270314143381123,
      0.009422901134815446,
      0.0,
      0.0,
      0.006270733840973254,
      0.0,
      0.006716647811876146,
      0.0,
      0.0,
      0.008505142400232564,
      0.02504692745584433,
      0.0,
      0.001352657952628579,
      0.0001805022855169469,
      0.0027598376201057088,
      0.0,
      0.0,
      0.017738692490072448,
      0.009822836407606698,
      0.014986647413477841,
      0.010321385071137801,
      0.0,
      0.0,
      0.0,
      0.002605685900019594,
      0.0,
      0.0,
      0.011832671391231783,
      0.0,
      0.0,
      0.006637244486966395,
      0.008149775544662488,
      0.0,
      0.0,
      0.0,
      0.00852420167950121,
      0.003597772047612694,
      0.0006759690971663838,
      0.0,
      0.0,
      0.006034603359729289,
      0.0013186516390865676,
      0.002436747333313526,
      0.0030369716975153917,
      0.011819253375514408,
      0.0,
      0.0,
      0.0,
      0.0,
      0.0,
      0.009628926512250004,
      0.005241400296260955,
      0.0,
      0.0011040326382640896,
      0.0,
      0.0037675007905216117,
      0.0,
      0.0,
      0.0044915190729938655,
      0.0,
      0.0,
      0.001944079133974118,
      0.0,
      0.0015787861963270453,
      0.0,
      0.0,
      0.0,
      0.009952074727878556,
      0.0014193969772403493,
      0.009256226700950207,
      0.006077196193439781,
      0.00062849256592014,
      0.0051886272800990944,
      0.0008759252985084736,
      0.024898916173551625,
      0.008549151994151197,
      0.0,
      0.0,
      0.014334579297695023,
      0.008878054174156368,
      0.00016207527332587237,
      0.0,
      0.0,
      0.0,
      0.012546603366347256,
      0.0,
      0.0025037655331746483,
      0.0,
      0.0,
      0.007570502763942859,
      0.00618320653085877,
      0.0,
      0.0,
      0.0,
      0.0,
      0.0,
      0.0019380579917579433,
      0.009480813548167339,
      0.0,
      0.0,
      0.003065596843243588,
      0.010349664473186438,
      0.009612687872700915,
      0.011545969876622618
    ],
    "low_data": false
  },
  "500000": {
    "median": 0.000505957527016822,
    "p90": 0.012012553023142025,
    "p10": 0.0,
    "sample": [
      9.755901248564954e-05,
      4.481409146696076e-05,
      0.0,
      0.0,
      0.0004446586700391715,
      0.0222309898144872,
      0.0008900307599753941,
      0.016544736847209376,
      0.0,
      0.02093167190307449,
      0.0,
      0.009606467314857172,
      0.013350975684964628,
      0.009522855431064937,
      0.0,
      0.0,
      0.006405405537841436,
      0.0,
      0.006879017153343531,
      0.0,
      0.0,
      0.008775026401285324,
      0.025407027602561204,
      0.0,
      0.0016478870403871762,
      0.0004631778863798098,
      0.0031487553614999073,
      0.0,
      0.0,
      0.0178476546996036,
      0.010052885443426677,
      0.01528142762068742,
      0.010479335758784106,
      0.0,
      0.0,
      0.0,
      0.002844699449390257,
      0.0,
      0.0,
      0.012130535609552802,
      0.0,
      0.0,
      0.007030389788905281,
      0.008311292471626623,
      0.0,
      0.0,
      0.0,
      0.008894818775661104,
      0.003772493931887747,
      0.0011135917409718194,
      0.0,
      0.0,
      0.0063992788031633835,
      0.0016938768196978356,
      0.0030080695873323272,
      0.00353724403539827,
      0.012221603526745398,
      0.0,
      0.0,
      0.0,
      0.0,
      0.0,
      0.009848606998536442,
      0.005514820297640815,
      0.0,
      0.0012613820642718627,
      0.0,
      0.0039446536752386465,
      0.0,
      0.0,
      0.004544952327653305,
      0.0,
      0.0,
      0.002275519412145505,
      0.0,
      0.001872984186715316,
      0.0,
      0.0,
      0.0,
      0.0105656119124049,
      0.0017925327859146375,
      0.009623073472153347,
      0.006468102109823978,
      0.0012135626842496186,
      0.005808472341688854,
      0.0038161556768070946,
      0.025335318136130637,
      0.008935992716362078,
      0.0,
      0.0,
      0.014519035949055662,
      0.009061169001516543,
      0.0005487371676538343,
      0.0,
      0.0,
      0.0,
      0.012822349544657623,
      0.0,
      0.0029126609498575724,
      0.0,
      0.0,
      0.008105698002812262,
      0.006416319686224669,
      0.0,
      0.0,
      0.0,
      0.0,
      0.0,
      0.0020899412136135284,
      0.009671760039272248,
      0.0,
      0.0,
      0.0033556832501633297,
      0.010802427248589673,
      0.010029824168562757,
      0.01189457043673125
    ],
    "low_data": false
  },
  "1000000": {
    "median": 0.0011304714925024707,
    "p90": 0.012615725989283424,
    "p10": 0.0,