{
  "100000": {
    "median": 0.0009512160869574395,
    "p90": 0.014290373391945168,
    "p10": 0.0,
    "sample": [
      4.121787481795367e-05,
      0.00017556766738505226,
      0.0003072360551860609,
      0.0028981771531638723,
      0.0,
      0.0037861952660271344,
      0.003886643744771299,
      0.0,
      0.0023189560789994485,
      0.0,
      0.006651862089851,
      0.0,
      0.0,
      0.003221997296660447,
      0.0,
      0.0009512160869574395,
      0.0,
      0.0014969739657891752,
      0.01434389419018604,
      0.0019010019558697202,
      0.010482366741124677,
      0.0,
      0.015586849759001273,
      0.00020245260314372148,
      0.011359337002483665,
      0.011339508797561203,
      0.008702893573278084,
      0.0,
      0.0,
      0.006419189800890432,
      0.0,
      0.006255243676653139,
      0.0,
      0.0,
      0.00797035944209237,
      0.023528451656039857,
      0.0,
      0.0013168792222154268,
      0.0004982171444540859,
      0.003822836780393462,
      0.0,
      0.0,
      0.0237521754942256,
      0.013908511116650616,
      0.019568076438041294,
      0.014936597288906882,
      0.0005057012182273718,
      0.0,
      0.0,
      0.003601132311419065,
      0.0,
      0.0,
      0.014276993192384948,
      0.0,
      0.0,
      0.00784869012574352,
      0.009515361268253336,
      0.0,
      0.0,
      0.0,
      0.008713104448390326,
      0.0035256910438213962,
      0.0011488927354964447,
      0.0,
      0.0,
      0.009373243746063553,
      0.00410123821357366,
      0.0059231188437315115,
      0.006526644105340585,
      0.016384375672250002,
      0.0,
      0.0,
      0.0,
      0.0,
      0.0,
      0.011762622420943777,
      0.0073739140268165035,
      0.0008338425633913058,
      0.0015366453618351178,
      0.0,
      0.005625957140835505,
      0.0,
      0.0,
      0.006020010093609134,
      0.0,
      0.0,
      0.0027075122755489227,
      0.0,
      0.003329329413367115,
      0.0,
      0.0,
      0.0,
      0.0112364959549214,
      0.0015200421398115069,
      0.012898678624441589,
      0.008260694182600264,
      0.0012191547355150157,
      0.0075200720087773565,
      0.0012680183049286974,
      0.03912725736439397,
      0.014444035511259008,
      0.0,
      0.0,
      0.02160220526972122,
      0.012945382324836205,
      0.0004899957696645956,
      0.0,
      0.0,
      0.0,
      0.021639201572321305,
      0.0,
      0.005444547761951026,
      0.0,
      0.0,
      0.011218853008178167,
      0.009309907283127977,
      0.0,
      0.0,
      0.0,
      0.0,
      0.0,
      0.003556794156660505,
      0.012993582584761553,
      0.0,
      0.0,
      0.006359822085069713,
      0.012949054262900585,
      0.01842281990116769,
      0.01579761096544645
    ],
    "low_data": false
  },
  "250000": {
    "median": 0.0024022178599385218,
    "p90": 0.01714381052162831,
    "p10": 0.0,
    "sample": [
      9.402245867048686e-05,
      0.00040048895833403366,
      0.0007221676670252315,
      0.0037429031687323585,
      9.574277971987873e-05,
      0.004394138559811291,
      0.004887009877017382,
      0.0,
      0.004330525889548337,
      0.0010316691696796343,
      0.00815591289152924,
      0.0,
      0.0,
      0.00422005319003806,
      0.0,
      0.00308535403909161,
      0.0,
      0.00329959983698623,
      0.017396501959738443,
      0.004019350254346714,
      0.011103162851026954,
      0.0,
      0.01744374199571235,
      0.001290070531564993,
      0.017233187313825837,
      0.013556982717920964,
      0.009042963703047784,
      0.0,
      0.0,
      0.0073721744746821265,
      0.0,
      0.007234081102500545,
      0.0,
      0.0,
      0.008442730638398855,
      0.024246514619577265,
      0.0,
      0.0015356293183532968,
      0.0013759583611070213,
      0.0047845353568706965,
      0.0,
      0.0,
      0.027944123221842972,
      0.016961429423755565,
      0.023013771853992688,
      0.01790591585845544,
      0.002496374418054064,
      0.0,
      0.0,
      0.005088809105939975,
      0.0,
      0.0,
      0.017121466323578926,
      0.0,
      0.0006370451827829573,
      0.009698144016846518,
      0.011681414992951583,
      0.0,
      0.0,
      0.0,
      0.012351901540816258,
      0.004714922262952661,
      0.0024022178599385218,
      0.0008082165298156899,
      0.0,
      0.014499235870520627,
      0.008293235998343827,
      0.011196876669425709,
      0.011877046786547663,
      0.02255019611215934,
      0.0,
      0.0,
      0.0,
      0.0,
      0.0,
      0.012115066127323132,
      0.008663961480936198,
      0.0033943952065268257,
      0.001998661565414072,
      0.0005740776019919935,
      0.0075364776277615396,
      0.0,
      0.0,
      0.006523614389486669,
      0.0,
      0.0,
      0.003497935789602724,
      0.0,
      0.005594717479141306,
      0.0,
      0.0,
      0.0,
      0.011556725154544508,
      0.0016713522574847602,
      0.013241687493679027,
      0.008803798122541659,
      0.0028644149109414638,
      0.009199023009361986,
      0.007500845933034624,
      0.04066700928373176,
      0.016008015381618758,
      0.0,
      0.0,
      0.02213584064114954,
      0.013540011537253475,
      0.001589616685130829,
      0.0,
      0.0,
      4.4578132164401364e-05,
      0.02287507640153665,
      0.0,
      0.008024673392627833,
      0.0,
      0.0005230250897672898,
      0.013193694626021381,
      0.010758566119776446,
      0.0,
      0.0,
      0.0,
      0.0,
      0.0,
      0.005679081453916547,
      0.01655953190416713,
      0.0014809070483315658,
      0.005013022167650143,
      0.010639518576045514,
      0.015341733886316836,
      0.029023093392004214,
      0.02135825890433026
    ],
    "low_data": false
  },
  "500000": {
    "median": 0.0048682214642090165,
    "p90": 0.022067632168582988,
    "p10": 0.0,