{
  "100000": {
    "median": 0.0008602845920855674,
    "p90": 0.012439763190677727,
    "p10": 0.0,
    "sample": [
      4.121787481795366e-05,
      0.00017556766738505223,
      0.0005200180147128489,
      0.0006621830178463806,
      0.0,
      0.0023940837268575646,
      0.0,
      0.0009618982959184699,
      0.0012910176813796742,
      0.0007338126164550777,
      0.010731124517346943,
      0.0,
      0.003226142664944427,
      0.0,
      0.003926322572132508,
      0.004175342672825314,
      0.010958508762803347,
      0.011618946536825176,
      0.004309089738595952,
      0.0,
      0.0,
      0.0020676493678815243,
      0.0,
      0.0,
      0.009565895752235057,
      0.0,
      0.0,
      0.002953400183923517,
      0.004171586145946719,
      0.0064332179740781825,
      0.001752234192948449,
      0.0,
      2.526707505187231e-06,
      0.0,
      0.0,
      0.011652656133561166,
      0.0,
      0.0,
      0.0029109161919289354,
      0.0,
      0.0,
      0.0,
      0.008236894097125516,
      0.0,
      0.0,
      0.0,
      0.0,
      0.02868012131565332,
      0.02376629085738783,
      0.015992402421990896,
      0.0,
      0.0,
      0.0,
      0.0,
      0.0,
      0.004833016780233313,
      0.0036522277450680304,
      0.00697849218942565,
      0.005915757572241936,
      0.0,
      0.005749236917291658,
      0.002565994561010131,
      0.0,
      0.0019929334777569504,
      0.0055980361758691186,
      0.020789176928539158,
      5.193225940412771e-05,
      0.004347615371772328,
      0.0005489271479349848,
      0.002545615953224438,
      0.0008602845920855674,
      0.0,
      0.012620769880690705,
      0.003872015909456309,
      0.006774734776653157,
      0.008207015356609004,
      0.0,
      0.01216825315565825,
      0.0,
      0.0,
      0.015898315432218587,
      0.01190451917778846,
      0.0,
      0.0,
      0.004385631734822153,
      0.0032222791137308266,
      0.0,
      0.0,
      0.0,
      0.0,
      0.006780398427901406,
      0.0,
      0.005564851933698073,
      0.010694190598873995,
      0.0,
      0.0,
      0.0034080313206660603,
      0.01680716378984095,
      0.0,
      0.0,
      0.008498475117847447,
      0.01300561910890465,
      0.0,
      0.0,
      0.02734644224135458,
      0.0017303703744647619,
      0.014934232288475107,
      0.002187414192840559,
      0.006405756365114092,
      0.003008295608896263,
      0.0,
      0.011307344700227833,
      0.0,
      0.0,
      0.008765700431465611,
      0.0013712980329611154,
      0.006733911551865861,
      0.0,
      0.0,
      0.0,
      0.016151912378761565,
      0.0,
      0.016155230626371232,
      0.0,
      0.058254420958750865
    ],
    "low_data": false
  },
  "250000": {
    "median": 0.0028199568696095838,
    "p90": 0.014789291649858188,
    "p10": 0.0,
    "sample": [
      9.402245867048682e-05,
      0.00040048895833403355,
      0.0009349496265520195,
      0.001506909033414867,
      2.4276190769108785e-05,
      0.0030020270206417214,
      0.0,
      0.0018085508455024423,
      0.003302587491928563,
      0.0019302849778484086,
      0.012235175319025184,
      0.0,
      0.005160512763863735,
      0.0,
      0.005325256990936524,
      0.0063094806249594845,
      0.012896346184551667,
      0.01342157240802223,
      0.007361697508148357,
      0.0,
      0.0,
      0.0035794662114309993,
      0.0,
      0.0,
      0.015439746063577231,
      0.0020941572106565323,
      0.0,
      0.0037709737663598913,
      0.004533916654305385,
      0.007386202647869877,
      0.0030070336017027164,
      0.0,
      0.00034329142074982633,
      0.0,
      0.0,
      0.012370719097098574,
      0.0,
      0.0,
      0.003788657408581871,
      0.0,
      0.0,
      0.0010226250568265384,
      0.012428841824742888,
      0.0003240207176368583,
      0.0,
      0.0006479292492335836,
      0.0005204204218930098,
      0.02970266758097989,
      0.027079642563317637,
      0.017480079216511808,
      0.0017026502950349166,
      0.0,
      0.0,
      0.0021190046742507753,
      0.0,
      0.00668247067133631,
      0.005818281469766278,
      0.009007044805889342,
      0.00785078914841695,
      0.0017259688033539325,
      0.009388034009717588,
      0.003755225780141396,
      0.0,
      0.0030000269786479555,
      0.007051906155474038,
      0.025915169052996234,
      0.004243930044174294,
      0.009621373197466527,
      0.0058993298291420615,
      0.008711436393133775,
      0.0023930822442822623,
      0.0,
      0.013931167172276417,
      0.004183038333994188,
      0.007409965609656868,
      0.00855945906298836,
      0.0,
      0.01472880579879377,
      0.0,
      0.0,
      0.017808835919144624,
      0.013990955928317943,
      0.002189128515583445,
      0.0,
      0.005825581633642394,
      0.004460183918657727,
      0.0,
      0.0,
      0.0,
      0.0026963982417415534,
      0.0074796294040812665,
      0.0,
      0.005885081133321181,
      0.010845500716547248,
      0.0,
      0.0,
      0.005053291496092509,
      0.01848611479042558,
      0.0015905995995916192,
      0.0,
      0.010062454988207195,
      0.014829615550567797,
      0.0,
      0.0,
      0.02794107145377185,
      0.0028299912899309946,
      0.01747158976350271,
      0.0033096218425678788,
      0.007554093106671928,
      0.004244170438111606,
      0.0,
      0.01388747033090464,
      0.00035723453940261773,
      0.0,
      0.010740542049308825,
      0.0028199568696095838,
      0.008699478792470452,
      0.0,
      0.0008835700272407962,
      0.0,
      0.01759501022031055,
      0.0004440693529884506,
      0.019721179945776806,
      0.0008938596046964109,
      0.14207437286379684
    ],
    "low_data": false
  },
  "500000": {
    "median": 0.005092664502510979,
    "p90": 0.018806900443720038,
    "p10": 0.0,