{
  "100000": {
    "median": 0.0006444648929134844,
    "p90": 0.013924292653216501,
    "p10": 0.0,
    "sample": [
      4.121787481795366e-05,
      0.00017556766738505223,
      0.00022373556115459845,
      0.001632855972441401,
      0.0,
      0.0013696695853740585,
      0.006977228919280832,
      0.006622160937263973,
      0.0,
      0.0004293761024560935,
      0.002647735579432876,
      0.0,
      0.0,
      0.001090413075124067,
      0.010208891460756247,
      0.001257434627294307,
      0.00996280107196955,
      0.0,
      0.0,
      0.0,
      0.0010232976549936843,
      0.010587232852133276,
      0.0,
      0.002773011559344534,
      0.013074028559725705,
      0.0,
      0.0006444648929134844,
      0.002715666983462252,
      0.00805677796647218,
      0.019771802878378587,
      0.0,
      0.0,
      0.005225995634623208,
      0.006948260151326472,
      0.006561945335787905,
      0.01676143643081776,
      0.010380410202699942,
      0.0,
      0.0023176050676445457,
      0.01930648443313159,
      0.004642263668585977,
      0.009766732509118598,
      0.0,
      0.0,
      0.0,
      0.01234823710982423,
      0.01608959966456882,
      0.0,
      0.020613761582369272,
      0.018232709787911108,
      0.018307673602407353,
      0.0,
      0.0,
      0.0,
      0.0,
      0.0,
      0.0030757948001591895,
      0.0,
      0.0,
      0.0,
      0.0,
      0.0,
      0.002102349265448024,
      0.0,
      0.007639899348756851,
      0.010744263204687163,
      0.013077991175048004,
      0.0,
      0.013420212736298474,
      0.010059601028607416,
      0.008913812934471025,
      0.00450942951262399,
      0.0,
      0.004752864224165206,
      0.0,
      0.0,
      0.0005814966961882883,
      0.0026676145969625575,
      0.007798210138358548,
      0.02051692477900854,
      0.0033336134701777587,
      0.0,
      0.018812562707663686,
      0.0,
      0.007624056281052265,
      0.0011316826939843532,
      0.0,
      0.007052942288041103,
      0.0,
      0.009103648354761337,
      0.0,
      0.0,
      0.0,
      0.02171130760171665,
      0.01248500353029651,
      0.0,
      0.001546845638713553,
      0.0,
      0.0,
      0.014627411564592605,
      0.0,
      0.0,
      0.0,
      0.0,
      0.0,
      0.00044885705547782274,
      0.0071440800193757715,
      0.0023835824724440765,
      0.0,
      0.0,
      0.0,
      0.0,
      0.013455546712299087,
      0.0,
      0.006947679947201673,
      0.0,
      0.0010691502280666836,
      0.0,
      0.0,
      0.0,
      0.012663308976446753,
      0.019964160748263706,
      0.0,
      0.0,
      0.07375562901780737,
      0.012776120659129128,
      0.0020499111910561086
    ],
    "low_data": false
  },
  "250000": {
    "median": 0.002127132479604079,
    "p90": 0.01835640988563953,
    "p10": 0.0,
    "sample": [
      9.402245867048682e-05,
      0.00040048895833403355,
      0.000638667172993769,
      0.0024775819880098874,
      0.0005519012549581133,
      0.001977612879158215,
      0.007977595051526915,
      0.007468813486847945,
      0.0014093656784291341,
      0.0016258484638494242,
      0.004151786381111117,
      9.049170056364166e-05,
      0.0,
      0.0020884689685016795,
      0.011607825879560262,
      0.0033915725794284777,
      0.01190063849371787,
      0.0,
      0.0022560343667250376,
      0.0,
      0.0016440937648959614,
      0.01209904969568275,
      0.0,
      0.003860629487765805,
      0.01894787887106788,
      0.0,
      0.0009845350226831847,
      0.003533240565898626,
      0.008419108474830846,
      0.020724787552170283,
      0.0,
      0.0,
      0.005566760347867847,
      0.007354358801375889,
      0.007034316532094391,
      0.01747949939435517,
      0.010618128738910994,
      0.0,
      0.0031953462842974813,
      0.020268183009608823,
      0.0061725028217496005,
      0.01151857548719445,
      0.000357521537059694,
      0.0,
      0.00013946090855254147,
      0.015317555679372787,
      0.01808027286439551,
      0.0,
      0.02392711328829908,
      0.01972038658243202,
      0.021452113005005567,
      0.0,
      0.0,
      0.002127132479604079,
      0.0,
      0.0,
      0.005241848524857437,
      0.0,
      0.001333488548724793,
      0.0007739785890839559,
      0.003222587762301289,
      0.0,
      0.003355674389890101,
      0.0,
      0.00909376932836177,
      0.01587025532914424,
      0.01726998895981817,
      0.0,
      0.018770615417505552,
      0.016225421468516753,
      0.01044661058666772,
      0.0077525010974730385,
      0.0,
      0.005063886648703085,
      0.0,
      0.0,
      0.0018715441503079824,
      0.005228167240098077,
      0.008260226341937502,
      0.02119187800315075,
      0.005244133957103794,
      0.00037904850697437686,
      0.021921083388512064,
      0.0,
      0.009064006179872505,
      0.0023695874989112533,
      0.0,
      0.008732818825641617,
      0.0,
      0.011829251536564696,
      0.0,
      0.0,
      0.0,
      0.021862617719389903,
      0.012828012399533947,
      0.0,
      0.003192105814140001,
      0.0,
      0.00043498005807434716,
      0.01616716348393039,
      0.0,
      0.0,
      0.0,
      0.0,
      0.0,
      0.0015484779709440556,
      0.009681437494403377,
      0.003505790122171396,
      0.0,
      0.0,
      0.00044593332610817164,
      0.0,
      0.014182557500338021,
      0.0036854812177470283,
      0.008922521565044889,
      0.0,
      0.0030347174686712747,
      0.0,
      0.0,
      0.0,
      0.014106406817995739,
      0.02208644804551975,
      0.0,
      0.0,
      0.15757558092285334,
      0.03294443619854122,
      0.004442590814472358
    ],
    "low_data": false
  },
  "500000": {
    "median": 0.004879385728049337,
    "p90": 0.02213532327548675,
    "p10": 0.0,