{
  "100000": {
    "median": 0.0,
    "p90": 0.012972367631613269,
    "p10": 0.0,
    "sample": [
      3.825841445887367e-06,
      1.5076975798990712e-05,
      0.0,
      0.005889774506823406,
      0.012690831684830489,
      0.0,
      0.0,
      0.0,
      0.0,
      0.001993705881131566,
      0.0,
      0.0,
      0.0018947636208870478,
      0.0,
      0.013731120113676491,
      0.0,
      0.0,
      0.0063580454486384325,
      0.0,
      0.0,
      0.0032072030279653267,
      0.0,
      0.0,
      0.0033215280499352654,
      0.0,
      0.024518334400185242,
      0.0,
      0.0,
      0.0,
      0.024281389549508262,
      0.003771141576031653,
      0.0009862242079677291,
      0.0072087189216478165,
      0.008045386133072992,
      0.0,
      0.0008499706592880153,
      0.03691663218397173,
      0.0,
      0.003914954086209446,
      0.0,
      0.0,
      0.029228037344511123,
      0.0002641396175839534,
      0.0,
      0.01019057877882996,
      0.0,
      0.0,
      0.0,
      0.019382591115424855,
      0.03382072685749088,
      0.0,
      0.018807969889778644,
      0.0,
      0.0,
      0.00536572819721068,
      0.0,
      0.003131113492809717,
      7.650339321487431e-05,
      0.004668777502613666,
      0.001196765401592638,
      0.0,
      0.007946811283941469,
      0.0013527814695265326,
      0.0,
      0.0,
      0.0,
      0.0,
      0.0,
      0.0,
      0.0,
      0.0032414284538799976,
      0.0,
      0.0,
      0.0028189359318017623,
      0.004335391419574122,
      0.0,
      0.006506769533036905,
      0.0,
      0.010764899572526153,
      0.018616813698297534,
      0.0,
      0.004541226639220296,
      0.001921487339886951,
      0.011235532090327679,
      0.012351477748123894,
      0.010836883075586334,
      0.0026940794948366468,
      0.0,
      0.0,
      0.027299803259192127,
      0.0,
      0.025814784932211,
      0.002685345605713251,
      0.0,
      0.0,
      0.017390475314925925,
      0.008387818125279825,
      0.0,
      0.0,
      0.022069479254616407,
      0.009837746248382686,
      0.0,
      0.02609076021200192,
      0.0,
      0.0,
      0.021685362647062233,
      0.0,
      0.02330295159731382,
      0.0,
      0.009380192091905772,
      0.0,
      0.0,
      0.012914471412808938,
      0.0,
      0.004487075903917153,
      0.0,
      0.0038907067199301297,
      0.008832372435654809,
      0.008424512613543761,
      0.0,
      0.0,
      0.0024512715777853765,
      0.0,
      0.0,
      0.0003758443110088264,
      0.010692795588700607,
      0.0,
      0.009230956656128522,
      0.0,
      0.0,
      0.0,
      0.0007248388821221387,
      0.010846818929313332,
      0.0,
      0.0022697394779203402,
      0.009558355104077399,
      0.0,
      0.0004264036363121514,
      0.0019858232205390014,
      0.006627468095697218,
      0.016989159935787864,
      0.0,
      0.0,
      0.004285469011571726,
      0.0058139343979191314,
      0.005042497549132416,
      0.01295159989738138,
      0.007391259673021491,
      0.0,
      0.0011370322725642935,
      0.010998094289479041,
      0.0026449441150929493,
      0.006461893561846002,
      0.0,
      0.0,
      0.0,
      0.00710534356598486,
      0.01225360474626352,
      0.0,
      0.015270823231843828,
      0.015827411062458163,
      0.014350323103863801,
      0.0,
      0.0,
      0.0,
      0.0,
      0.0,
      0.001521074104548501,
      0.0,
      0.0,
      0.0,
      0.0,
      0.0,
      0.00135097233195459,
      0.0,
      0.007047156376077424,
      0.007707962068275038,
      0.010986693457137783,
      0.0,
      0.010845256642795452,
      0.005414695642977689,
      0.006734391734487003,
      0.001872600978768383,
      0.0,
      0.0036279175061574866,
      0.0,
      0.0,
      0.0,
      0.0006255456630582419,
      0.006559691344790773,
      0.01705025142163394,
      0.0017097227536626328,
      0.0,
      0.01360996576647162,
      0.0,
      0.006059160504728939,
      0.00038628084513710897,
      0.0,
      0.004376852303568421,
      0.0,
      0.005203287085335079,
      0.0,
      0.0,
      0.0,
      0.01315927723970027,
      0.00770438790042597,
      0.0,
      0.00037419641997645285,
      0.0,
      0.0,
      0.007329414745302817,
      0.0,
      0.0,
      0.0,
      0.0,
      0.0,
      6.856285006486308e-05,
      0.0029248637685562115,
      0.0009786971502796678,
      0.0063982004634804465,
      0.0,
      0.0,
      0.0,
      0.0,
      0.00845374909560093,
      0.0,
      0.0,
      0.00366595616265062,
      0.0,
      0.0,
      0.0,
      0.0,
      0.0,
      0.009313545299956308,
      0.01485114480308338,
      0.0,
      0.0,
      0.0070761492742735105,
      0.0,
      0.00034530102225688124
    ],
    "low_data": false
  },
  "250000": {
    "median": 4.363580373982504e-06,
    "p90": 0.01328817608228214,
    "p10": 0.0,